image,param,value,PSNR,SSIM,UCIQE,UIQM
117_img_.png,clip_limit,0.0,18.582062261920825,0.8924731531552101,0.3109756575644772,3.327777585237315
117_img_.png,clip_limit,1.0,20.43915494026514,0.9272884569964815,0.3101062814655344,3.4036751218776335
117_img_.png,clip_limit,2.0,19.743953642437766,0.889496606822522,0.3114990526655868,3.368380036075135
117_img_.png,clip_limit,3.0,18.09315323966739,0.8463886535480213,0.31158777085201383,3.3132042635117758
117_img_.png,clip_limit,4.0,17.245042111604235,0.8252777210953166,0.31022614597387876,3.296505510557563
117_img_.png,clip_limit,6.0,16.576363372643158,0.8100041002990713,0.3087775442741548,3.2707437597359985
117_img_.png,red_alpha,0.0,19.67939929528511,0.8888488015402976,0.3117056925179915,3.364645819961753
117_img_.png,red_alpha,0.5,19.743953642437766,0.889496606822522,0.3114990526655868,3.368380036075135
117_img_.png,red_alpha,1.0,19.743953642437766,0.889496606822522,0.3114990526655868,3.368380036075135
117_img_.png,red_alpha,1.5,19.743953642437766,0.889496606822522,0.3114990526655868,3.368380036075135
117_img_.png,red_alpha,2.0,19.750632287846717,0.8895910307089311,0.31153159611210113,3.3700836368302545
121_img_.png,clip_limit,0.0,30.630052252084408,0.9449609330607843,0.3725198114945563,2.3022306523347167
121_img_.png,clip_limit,1.0,23.655618743837515,0.8901616112989549,0.3654065084626755,2.426525289081588
121_img_.png,clip_limit,2.0,19.684984345898133,0.8269948508515733,0.36251134644378913,2.5212845948374354
121_img_.png,clip_limit,3.0,17.811080846891816,0.781590323954127,0.3590359296271216,2.601349547476815
121_img_.png,clip_limit,4.0,16.679104212435742,0.7504496229006185,0.35560302784373066,2.6307465441625846
121_img_.png,clip_limit,6.0,15.32163968658531,0.712160234742622,0.35177466976934274,2.6905428641803013
121_img_.png,red_alpha,0.0,19.79182731024354,0.8209937694609545,0.36606957771632853,2.486217240269177
121_img_.png,red_alpha,0.5,19.786862810459485,0.8241797711883168,0.3634793303000396,2.5107466295016114
121_img_.png,red_alpha,1.0,19.684984345898133,0.8269948508515733,0.36251134644378913,2.5212845948374354
121_img_.png,red_alpha,1.5,19.467780634531323,0.8274853854557397,0.36236409902090705,2.539612956548769
121_img_.png,red_alpha,2.0,19.30049071899282,0.8277452115154408,0.3619293445839689,2.5574174807736156
12299.png,clip_limit,0.0,11.956205848628603,0.6126218597370654,0.30560440750715967,2.256973653287962
12299.png,clip_limit,1.0,13.591645425710851,0.7315669935029417,0.29833947583388903,2.3943559299929555
12299.png,clip_limit,2.0,15.06634002934883,0.7864632180160255,0.296433897121032,2.5021900241741863
12299.png,clip_limit,3.0,16.245959278347122,0.8083267397191132,0.2923588227658508,2.585041766219255
12299.png,clip_limit,4.0,16.956660069824796,0.8138378681148092,0.2891962756858136,2.6327479215713074
12299.png,clip_limit,6.0,17.33206893671184,0.8020383563830454,0.28598330577855235,2.712911103760124
12299.png,red_alpha,0.0,14.998897601986132,0.7852255224342456,0.2962745813474794,2.5160906329710047
12299.png,red_alpha,0.5,15.015378796340116,0.7854661623268487,0.29619898897703895,2.51420326573874
12299.png,red_alpha,1.0,15.06634002934883,0.7864632180160255,0.296433897121032,2.5021900241741863
12299.png,red_alpha,1.5,15.110733201102269,0.7883102172099866,0.2968375680622345,2.5079965319225
12299.png,red_alpha,2.0,15.079019207263599,0.7878327125750513,0.2967740835124467,2.5144721493250923
12324.png,clip_limit,0.0,10.87368330853646,0.5131879973113778,0.3563194362455552,2.179885566074712
12324.png,clip_limit,1.0,12.054424433336967,0.6291114609578154,0.3343880255993408,2.242504773019681
12324.png,clip_limit,2.0,13.247454804737053,0.6931468467684364,0.3213611310668216,2.315219685800232
12324.png,clip_limit,3.0,14.186269060559706,0.7272000819189409,0.31443140248248086,2.3428029697148607
12324.png,clip_limit,4.0,14.790847286667292,0.7466675257048759,0.30432510616637065,2.382633570795805
12324.png,clip_limit,6.0,15.534260731538241,0.7647528971200391,0.2966700842186199,2.4524784669582558
12324.png,red_alpha,0.0,13.247454804737053,0.6931468467684364,0.3213611310668216,2.315219685800232
12324.png,red_alpha,0.5,13.247454804737053,0.6931468467684364,0.3213611310668216,2.315219685800232
12324.png,red_alpha,1.0,13.247454804737053,0.6931468467684364,0.3213611310668216,2.315219685800232
12324.png,red_alpha,1.5,13.248581740967563,0.6931720129195845,0.3213438858221404,2.315961492764846
12324.png,red_alpha,2.0,13.240523654945706,0.6930417033483907,0.32110296015246403,2.3178782169945125
123_img_.png,clip_limit,0.0,21.636388090612833,0.9431225360878347,0.3334352309631162,3.2772753834095836
123_img_.png,clip_limit,1.0,21.153799091435843,0.938410288102043,0.33100020939091457,3.401671129504325
123_img_.png,clip_limit,2.0,17.819965275812088,0.8684688056526508,0.3285673921369383,3.336596663810238
123_img_.png,clip_limit,3.0,16.202764634302252,0.8193715714460098,0.32667035107957065,3.2687212742419276
123_img_.png,clip_limit,4.0,15.458040089734338,0.7958930172170166,0.3249956482595632,3.245409209693345
123_img_.png,clip_limit,6.0,14.948314752801862,0.7798276480036926,0.3234236736521101,3.2184269838112356
123_img_.png,red_alpha,0.0,17.812985963704786,0.8683191201254356,0.3294580850821825,3.3298616266431647
123_img_.png,red_alpha,0.5,17.819965275812088,0.8684688056526508,0.3285673921369383,3.336596663810238
123_img_.png,red_alpha,1.0,17.819965275812088,0.8684688056526508,0.3285673921369383,3.336596663810238
123_img_.png,red_alpha,1.5,17.819965275812088,0.8684688056526508,0.3285673921369383,3.336596663810238
123_img_.png,red_alpha,2.0,17.819965275812088,0.8684688056526508,0.3285673921369383,3.336596663810238
131_img_.png,clip_limit,0.0,21.431824260229728,0.838689154613892,0.4193816829086626,2.6662316858694965
131_img_.png,clip_limit,1.0,26.4782364031756,0.9503821875428183,0.41877123257521287,3.22788246848076
131_img_.png,clip_limit,2.0,28.644598816413264,0.9569666564244499,0.42016807561677316,3.3267520664461765
131_img_.png,clip_limit,3.0,24.168162865406725,0.9144130990247312,0.4193579750361961,3.3401619790358645
131_img_.png,clip_limit,4.0,21.222013637718224,0.8666347878943595,0.41694088717084565,3.342272191260987
131_img_.png,clip_limit,6.0,18.169877340506492,0.7911040460946346,0.4120307051806993,3.326422456754365
131_img_.png,red_alpha,0.0,28.489473237886305,0.9573031995420388,0.417157664383322,3.280517101754053
131_img_.png,red_alpha,0.5,28.694908399108392,0.9581930917625815,0.4164678948230792,3.2947129846637413
131_img_.png,red_alpha,1.0,28.644598816413264,0.9569666564244499,0.42016807561677316,3.3267520664461765
131_img_.png,red_alpha,1.5,28.340386320598032,0.9542406896674898,0.41781436071544,3.3126743758332875
131_img_.png,red_alpha,2.0,27.926232760496745,0.9526462621452381,0.417729322962921,3.322194463258205
137_img_.png,clip_limit,0.0,20.08350611377043,0.9122745772142427,0.31799011866892185,3.133261522504058
137_img_.png,clip_limit,1.0,18.27685185634226,0.9011968989906437,0.311612488003285,3.407561032073702
137_img_.png,clip_limit,2.0,16.295055094507514,0.8154526821710152,0.3117422598033096,3.433632180703243
137_img_.png,clip_limit,3.0,14.80240633144569,0.7408677661901698,0.3131746845966624,3.346886447768762
137_img_.png,clip_limit,4.0,13.929879867294696,0.6993289935017449,0.31304989931589133,3.2929851418730705
137_img_.png,clip_limit,6.0,13.182521980204534,0.6679147046870769,0.31095182093685303,3.250880151718987
137_img_.png,red_alpha,0.0,16.227099075480464,0.814950564178824,0.31329836981385034,3.415787503421247
137_img_.png,red_alpha,0.5,16.18808085018491,0.8136664121932712,0.3132394377336911,3.4150316281234523
137_img_.png,red_alpha,1.0,16.295055094507514,0.8154526821710152,0.3117422598033096,3.433632180703243
137_img_.png,red_alpha,1.5,16.318643916440575,0.8170950887562638,0.3125896347830799,3.4388320248274686
137_img_.png,red_alpha,2.0,16.33664797408083,0.8167359351516738,0.31253451724719616,3.4309595405771303
158_img_.png,clip_limit,0.0,18.92902533918125,0.8733213498135357,0.32114466369285793,3.3902090939751686
158_img_.png,clip_limit,1.0,19.901785562367813,0.9107862228930355,0.32874476629621263,3.4525895786364362
158_img_.png,clip_limit,2.0,18.828108638317207,0.8736992355254655,0.33430025632167887,3.348961808908382
158_img_.png,clip_limit,3.0,17.390019215716535,0.8307056116961308,0.33467445787886574,3.245722003804413
158_img_.png,clip_limit,4.0,16.6425387570819,0.8069439612062745,0.3351754274496137,3.1936796333826156
158_img_.png,clip_limit,6.0,16.206308502142864,0.792757912859666,0.3343095388758508,3.15433741903062
158_img_.png,red_alpha,0.0,18.862504503884768,0.8752365124886503,0.3333783339688917,3.3480336695292516
158_img_.png,red_alpha,0.5,18.80778942252284,0.8738784385607703,0.33391494919326753,3.3435794997233272
158_img_.png,red_alpha,1.0,18.828108638317207,0.8736992355254655,0.33430025632167887,3.348961808908382
158_img_.png,red_alpha,1.5,18.837070053118563,0.8743006330769102,0.33418511118663763,3.3501335758665944
158_img_.png,red_alpha,2.0,18.813816900187884,0.873873305938035,0.33436842070991646,3.349031634189237
164_img_.png,clip_limit,0.0,20.192492355545404,0.8240929564847862,0.3504354346820903,3.1584659287668986
164_img_.png,clip_limit,1.0,25.50323441294865,0.9458028652883196,0.3480661502367366,3.4268009237075328
164_img_.png,clip_limit,2.0,29.08407692886903,0.968659047819766,0.3444443186273373,3.453018067166718
164_img_.png,clip_limit,3.0,24.2347024958137,0.9408172100060913,0.3424313349829007,3.424688445545452
164_img_.png,clip_limit,4.0,21.489526132108473,0.908351506737011,0.34005354818691025,3.3918058437846677
164_img_.png,clip_limit,6.0,18.934640110069108,0.8602611786240922,0.3380500570981705,3.3547118226814394
164_img_.png,red_alpha,0.0,29.051146442992263,0.968398624793021,0.34539648822741703,3.4538281499241887
164_img_.png,red_alpha,0.5,28.996567035091356,0.9683640666069824,0.3455016781299929,3.456823674391315
164_img_.png,red_alpha,1.0,29.08407692886903,0.968659047819766,0.3444443186273373,3.453018067166718
164_img_.png,red_alpha,1.5,29.036675087843342,0.9684114933739639,0.34377787967127804,3.455299218931293
164_img_.png,red_alpha,2.0,29.142787166630725,0.9692159416476911,0.3457003450616194,3.4584651907400468
17_img_.png,clip_limit,0.0,22.356596742761656,0.9106410675926943,0.3407621296968183,3.276203041666275
17_img_.png,clip_limit,1.0,25.91696584120531,0.9804075157212194,0.3405869011374941,3.2904896793148355
17_img_.png,clip_limit,2.0,21.865887782226157,0.944904793460022,0.3448470846985321,3.206695971588988
17_img_.png,clip_limit,3.0,19.61356319670302,0.8982820655957733,0.34870177062327606,3.083637921410667
17_img_.png,clip_limit,4.0,18.588887513117673,0.8686932268598843,0.35066072531339065,3.019282854726481
17_img_.png,clip_limit,6.0,18.017264565662053,0.8495185411342921,0.3510071165969383,2.971734742795915
17_img_.png,red_alpha,0.0,21.94942636942335,0.9447795561635601,0.3463897864730055,3.177113786760426
17_img_.png,red_alpha,0.5,21.798910768956034,0.944285920583309,0.3462822621634156,3.1707976026397002
17_img_.png,red_alpha,1.0,21.865887782226157,0.944904793460022,0.3448470846985321,3.206695971588988
17_img_.png,red_alpha,1.5,21.907567099456212,0.9448116641509566,0.3436186747842116,3.2042946690161256
17_img_.png,red_alpha,2.0,21.750973463784376,0.9442872095863103,0.3457484696570828,3.206450039135843
197_img_.png,clip_limit,0.0,28.910598777107243,0.9824017472581533,0.30603370305177313,2.792712181096644
197_img_.png,clip_limit,1.0,22.79593448995847,0.91970547627609,0.2995620380883094,3.0243779614456816
197_img_.png,clip_limit,2.0,17.798928685342265,0.8214013683720639,0.29473849652700995,3.119112480282749
197_img_.png,clip_limit,3.0,15.306900663176727,0.7351844297690778,0.2925950567824117,3.14168665757084
197_img_.png,clip_limit,4.0,14.14602826090553,0.6840104723317251,0.29183302876891,3.1132475466888647
197_img_.png,clip_limit,6.0,13.065182214800881,0.628522266470868,0.2921144576759164,3.095530101376198
197_img_.png,red_alpha,0.0,17.581302831195732,0.8068368140308406,0.3008251310197473,3.1282891673712596
197_img_.png,red_alpha,0.5,17.7147700440523,0.8153596653675471,0.2984526984390653,3.1302454694835466
197_img_.png,red_alpha,1.0,17.798928685342265,0.8214013683720639,0.29473849652700995,3.119112480282749
197_img_.png,red_alpha,1.5,17.84762813855556,0.8249683467972462,0.2925029862384878,3.124220536567877
197_img_.png,red_alpha,2.0,17.78919283070407,0.8276325211674612,0.29093828339246813,3.1304902057845663
214_img_.png,clip_limit,0.0,21.784177362703133,0.84308794612246,0.3184641149846451,2.8782112426411106
214_img_.png,clip_limit,1.0,26.89747513751188,0.9450925531121586,0.33151528738147495,3.2257794299111517
214_img_.png,clip_limit,2.0,30.566849899333306,0.9608566302517133,0.3390783226162162,3.268823349433609
214_img_.png,clip_limit,3.0,26.456020522740886,0.933528993359143,0.3425771944188428,3.2621211269080996
214_img_.png,clip_limit,4.0,24.151983147734164,0.9018799750229899,0.34487244773398207,3.247315460694701
214_img_.png,clip_limit,6.0,22.138622834831033,0.8574078845626273,0.3450935355083681,3.2330156148689575
214_img_.png,red_alpha,0.0,30.566849899333306,0.9608566302517133,0.3390783226162162,3.268823349433609
214_img_.png,red_alpha,0.5,30.566849899333306,0.9608566302517133,0.3390783226162162,3.268823349433609
214_img_.png,red_alpha,1.0,30.566849899333306,0.9608566302517133,0.3390783226162162,3.268823349433609
214_img_.png,red_alpha,1.5,30.566823888412454,0.9608565969967188,0.33907831831313673,3.268823814480362
214_img_.png,red_alpha,2.0,30.65051364289522,0.9615730677836792,0.33699263797072243,3.275625890685446
216_img_.png,clip_limit,0.0,20.961310757307352,0.9003983613627503,0.3065736793212223,3.253771607091942
216_img_.png,clip_limit,1.0,21.217688495386177,0.9233130675739334,0.3050958424975973,3.3413954675200728
216_img_.png,clip_limit,2.0,18.60454695137392,0.8726009332186234,0.31028515000844736,3.3032518786982417
216_img_.png,clip_limit,3.0,17.014329409727548,0.8274147077297901,0.31438982468446075,3.277336745199457
216_img_.png,clip_limit,4.0,16.40344990019356,0.808056854417564,0.3144141344779805,3.2711985195860684
216_img_.png,clip_limit,6.0,15.9681702402354,0.7965846889247286,0.31390928556847464,3.258196277858381
216_img_.png,red_alpha,0.0,18.55201949892099,0.8718451488123096,0.3116162171299077,3.308308109522086
216_img_.png,red_alpha,0.5,18.55662839366405,0.871814048416527,0.3105643267576589,3.3109235716143544
216_img_.png,red_alpha,1.0,18.60454695137392,0.8726009332186234,0.31028515000844736,3.3032518786982417
216_img_.png,red_alpha,1.5,18.54476975664416,0.8708256134416293,0.3115684203592421,3.3094515538595646
216_img_.png,red_alpha,2.0,18.519995223110058,0.8705130301237142,0.31112327917363036,3.3113910830375874
219_img_.png,clip_limit,0.0,20.66779547515023,0.9290691839822998,0.3383443894849499,3.328926285558492
219_img_.png,clip_limit,1.0,19.915872540398297,0.9365248869284898,0.33856019850618835,3.306874413052712
219_img_.png,clip_limit,2.0,17.0907540783119,0.872285231989244,0.34329833912545965,3.157133651724142
219_img_.png,clip_limit,3.0,15.816647647515591,0.8314003717168728,0.3448356758988764,3.0733574117074722
219_img_.png,clip_limit,4.0,15.423079920785208,0.8173717371201956,0.344664500991972,3.0568666265961806
219_img_.png,clip_limit,6.0,15.222722485045505,0.8100180485432625,0.34451302644810333,3.0378186151773443
219_img_.png,red_alpha,0.0,17.094839706568628,0.8728476553378153,0.3435161404451435,3.1547010385319023
219_img_.png,red_alpha,0.5,17.13306359908794,0.8731287594137673,0.34199809911678514,3.164283619347856
219_img_.png,red_alpha,1.0,17.0907540783119,0.872285231989244,0.34329833912545965,3.157133651724142
219_img_.png,red_alpha,1.5,17.12066268237661,0.8725760686866478,0.3416636883257949,3.1578058181948174
219_img_.png,red_alpha,2.0,17.071458165051975,0.8712409012671793,0.34247032993402043,3.1565188948835616
240_img_.png,clip_limit,0.0,21.360294785580315,0.864237901097675,0.4040788829170462,2.0851661503381163
240_img_.png,clip_limit,1.0,22.703614234600575,0.923288887560818,0.3950813467978527,2.370242990483502
240_img_.png,clip_limit,2.0,22.448984188290332,0.9048207218599761,0.38700235324987353,2.6452589647305667
240_img_.png,clip_limit,3.0,21.470282026521296,0.8599057229710542,0.3811198212866701,2.8195524687778066
240_img_.png,clip_limit,4.0,20.36830377256142,0.8128790498666435,0.37660939700459634,2.9183667558111663
240_img_.png,clip_limit,6.0,18.46367906962569,0.7371559007439497,0.3684737976133317,3.0298182660643818
240_img_.png,red_alpha,0.0,22.028429946191025,0.9035723375275592,0.39100044084080393,2.5855369245387103
240_img_.png,red_alpha,0.5,22.308217408046353,0.905837306886936,0.39017269741537797,2.624622996757525
240_img_.png,red_alpha,1.0,22.448984188290332,0.9048207218599761,0.38700235324987353,2.6452589647305667
240_img_.png,red_alpha,1.5,22.6903333352355,0.902588473404422,0.3858746248454663,2.662406812027028
240_img_.png,red_alpha,2.0,22.54015038321709,0.8944441342880252,0.38594338140866113,2.705334823067475
261_img_.png,clip_limit,0.0,21.080034740282272,0.886173219937306,0.30816251309683484,3.239067291948505
261_img_.png,clip_limit,1.0,25.868309084829917,0.966200476402177,0.31103900154194675,3.5441548304917156
261_img_.png,clip_limit,2.0,27.340406275849872,0.9719047198515637,0.313356006053687,3.556250136222244
261_img_.png,clip_limit,3.0,23.65290476630348,0.9467634226684122,0.3133083233200734,3.5172012558436085
261_img_.png,clip_limit,4.0,21.5259119079563,0.9227827076067934,0.31117302520233686,3.481653525244647
261_img_.png,clip_limit,6.0,19.87098102617994,0.8955598957058731,0.3123448389394975,3.4450809020083772
261_img_.png,red_alpha,0.0,27.340406275849872,0.9719047198515637,0.313356006053687,3.556250136222244
261_img_.png,red_alpha,0.5,27.340406275849872,0.9719047198515637,0.313356006053687,3.556250136222244
261_img_.png,red_alpha,1.0,27.340406275849872,0.9719047198515637,0.313356006053687,3.556250136222244
261_img_.png,red_alpha,1.5,27.340406275849872,0.9719047198515637,0.313356006053687,3.556250136222244
261_img_.png,red_alpha,2.0,27.340406275849872,0.9719047198515637,0.313356006053687,3.556250136222244
2677.png,clip_limit,0.0,15.248816293053656,0.886214089056289,0.31064537329575415,2.61595741701895
2677.png,clip_limit,1.0,16.054846132823062,0.8749661785326256,0.3074245497025077,3.0408481567589236
2677.png,clip_limit,2.0,16.519669524981087,0.8098443940453953,0.31150552801429776,3.056842441606853
2677.png,clip_limit,3.0,16.43211164215147,0.7527485307335416,0.31467882106405165,3.0294485091245935
2677.png,clip_limit,4.0,16.175117625143155,0.7147451065643038,0.31726280220134,3.0048389500651442
2677.png,clip_limit,6.0,15.747803158351559,0.6769576568971193,0.321378742136356,2.9857811387183784
2677.png,red_alpha,0.0,16.948605358679444,0.8054288942174459,0.31547769646131146,3.0088176737416577
2677.png,red_alpha,0.5,16.786486758144296,0.8100819073265811,0.31328931522402453,3.027343414296226
2677.png,red_alpha,1.0,16.519669524981087,0.8098443940453953,0.31150552801429776,3.056842441606853
2677.png,red_alpha,1.5,16.285067571825792,0.8100574187596287,0.3089524753796485,3.0645104769763503
2677.png,red_alpha,2.0,15.999540888513105,0.8100911800327036,0.3074426288408021,3.1041713082199727
267_img_.png,clip_limit,0.0,22.440055958384146,0.8649626268543109,0.2935555888737823,2.452794768435525
267_img_.png,clip_limit,1.0,28.534624866480748,0.9629780557762344,0.28812257158581267,3.0684433127754884
267_img_.png,clip_limit,2.0,26.130975726279637,0.9549263163992189,0.2863901708406987,3.230782681476535
267_img_.png,clip_limit,3.0,21.930460875080904,0.9079248992455456,0.28727360228379234,3.2984651390075252
267_img_.png,clip_limit,4.0,19.55736782591739,0.8605685108262654,0.28828512753427715,3.330442667956794
267_img_.png,clip_limit,6.0,17.216756798245807,0.7947770026699771,0.2922893623407389,3.3576369048163985
267_img_.png,red_alpha,0.0,26.130975726279637,0.9549263163992189,0.2863901708406987,3.230782681476535
267_img_.png,red_alpha,0.5,26.130975726279637,0.9549263163992189,0.2863901708406987,3.230782681476535
267_img_.png,red_alpha,1.0,26.130975726279637,0.9549263163992189,0.2863901708406987,3.230782681476535
267_img_.png,red_alpha,1.5,26.130975726279637,0.9549263163992189,0.2863901708406987,3.230782681476535
267_img_.png,red_alpha,2.0,26.130975726279637,0.9549263163992189,0.2863901708406987,3.230782681476535
268_img_.png,clip_limit,0.0,30.278584162522083,0.9537019130064129,0.2909888810318936,1.392958564434223
268_img_.png,clip_limit,1.0,23.68064254609129,0.8968563717787226,0.2850758922490333,2.005664695289791
268_img_.png,clip_limit,2.0,19.931183991028686,0.816940804944073,0.2818453504397541,2.327627224464715
268_img_.png,clip_limit,3.0,17.938709572625775,0.7477407676381307,0.280777420383757,2.5301629161061836
268_img_.png,clip_limit,4.0,16.73259883969296,0.6957911393253141,0.27844491651621983,2.6336142267826745
268_img_.png,clip_limit,6.0,15.078283084144278,0.6137775744801544,0.2779311728691129,2.7852851676565473
268_img_.png,red_alpha,0.0,14.878975776468732,0.4892278907218542,0.33451154914830006,2.5302443677253064
268_img_.png,red_alpha,0.5,20.49523831999086,0.788284408234154,0.2880262934284631,2.4108944029688364
268_img_.png,red_alpha,1.0,19.931183991028686,0.816940804944073,0.2818453504397541,2.327627224464715
268_img_.png,red_alpha,1.5,19.355331243643562,0.8200661454341572,0.27772448363244784,2.2878517924325186
268_img_.png,red_alpha,2.0,19.0893887890824,0.825026370318641,0.2779664313842038,2.299292462885019
292_img_.png,clip_limit,0.0,23.1369174096552,0.9146502775882848,0.32352144183595966,2.2460604027809516
292_img_.png,clip_limit,1.0,25.08560362623073,0.964102371699742,0.3186085449949158,2.6177195506166195
292_img_.png,clip_limit,2.0,25.698095963950077,0.9600401505182458,0.3137629092203814,2.7979546525216277
292_img_.png,clip_limit,3.0,23.85795027067119,0.9263399362491437,0.3112073760664179,2.9000016560518236
292_img_.png,clip_limit,4.0,22.354751831236666,0.8904466984904857,0.31138693875655504,2.929489997770882
292_img_.png,clip_limit,6.0,19.729583913891517,0.811787444745839,0.3095651100664445,3.0172359810440073
292_img_.png,red_alpha,0.0,26.32852025778775,0.9614307865302344,0.31868722392139615,2.8178396959793415
292_img_.png,red_alpha,0.5,26.237511293047085,0.9612939680228366,0.3152871175090286,2.7965669130278847
292_img_.png,red_alpha,1.0,25.698095963950077,0.9600401505182458,0.3137629092203814,2.7979546525216277
292_img_.png,red_alpha,1.5,25.175854481137353,0.9584361663532966,0.3101819697667971,2.795691515692173
292_img_.png,red_alpha,2.0,24.3799345097722,0.9556369205389038,0.3083759713465242,2.78614826931008
294_img_.png,clip_limit,0.0,20.797628001244615,0.8813059232996112,0.41084867373903683,1.541596457912997
294_img_.png,clip_limit,1.0,24.741412100662696,0.9490424623906625,0.3953576065002935,1.9787393385463425
294_img_.png,clip_limit,2.0,24.12183543805402,0.9387356596267374,0.3880677929218436,2.061380231779441
294_img_.png,clip_limit,3.0,22.5608709843781,0.9156864088414668,0.37993562602082476,2.084497410721567
294_img_.png,clip_limit,4.0,21.11744219141679,0.8889893708800262,0.37256103783801775,2.120051053790409
294_img_.png,clip_limit,6.0,19.12034993371166,0.8358730534149416,0.3596598375531016,2.1765756983536844
294_img_.png,red_alpha,0.0,24.100022537954516,0.9378904405248368,0.39080545104412445,2.06185223443576
294_img_.png,red_alpha,0.5,24.100022537954516,0.9378904405248368,0.39080545104412445,2.06185223443576
294_img_.png,red_alpha,1.0,24.12183543805402,0.9387356596267374,0.3880677929218436,2.061380231779441
294_img_.png,red_alpha,1.5,24.036488411257857,0.9371174647971147,0.3891492819076374,2.0468340334170394
294_img_.png,red_alpha,2.0,24.005440768934445,0.9351205306500029,0.39001897105666816,2.0390764204253444
3015.png,clip_limit,0.0,20.738273567571845,0.9029696733802369,0.34646519543388293,2.2094610256905027
3015.png,clip_limit,1.0,26.26237411439293,0.9625134558531526,0.33673345191785936,2.4386993344179246
3015.png,clip_limit,2.0,24.755344116851692,0.9522316370666676,0.3320817186936511,2.529977123493698
3015.png,clip_limit,3.0,21.352053713440892,0.9196103370031059,0.32767714271771237,2.5984624127949885
3015.png,clip_limit,4.0,19.359368180752035,0.8882015200561605,0.3251635568185639,2.656644544170481
3015.png,clip_limit,6.0,17.25651913558191,0.83958124619334,0.32190871184950054,2.707683057780507
3015.png,red_alpha,0.0,25.15866660955179,0.9553724204379614,0.33053732020753246,2.5414433508967895
3015.png,red_alpha,0.5,24.986542105063695,0.9550957898661413,0.3322591115599752,2.556377787220436
3015.png,red_alpha,1.0,24.755344116851692,0.9522316370666676,0.3320817186936511,2.529977123493698
3015.png,red_alpha,1.5,24.590258799296816,0.9506493958290632,0.33065163261008074,2.5345513073309016
3015.png,red_alpha,2.0,24.365383957567055,0.9494231588799162,0.32879223895574344,2.5341580157106867
30_img_.png,clip_limit,0.0,27.870127085729827,0.9639642480090863,0.32203933354672415,2.7513238824717368
30_img_.png,clip_limit,1.0,24.097986584371224,0.9045875356179929,0.33056628119347187,3.097963674283746
30_img_.png,clip_limit,2.0,19.641561784788973,0.8099755152578547,0.3363372061933792,3.150695777534955
30_img_.png,clip_limit,3.0,18.069446960906824,0.7501635604363007,0.3379709086639878,3.141112451610123
30_img_.png,clip_limit,4.0,17.35726202759117,0.713043330896606,0.3385523863223006,3.1384299688955037
30_img_.png,clip_limit,6.0,16.512343879854473,0.6667638849992388,0.338208451556655,3.1230626152329535
30_img_.png,red_alpha,0.0,18.853218405979376,0.7586245253522687,0.3505151756380137,2.9453484806420764
30_img_.png,red_alpha,0.5,19.77388310029404,0.7925604089676542,0.3435918501733903,3.1057437059600947
30_img_.png,red_alpha,1.0,19.641561784788973,0.8099755152578547,0.3363372061933792,3.150695777534955
30_img_.png,red_alpha,1.5,18.49863729818952,0.8031240164536415,0.3277782219019525,3.1970173861939513
30_img_.png,red_alpha,2.0,17.188811624428425,0.7891285000004954,0.3228845693388708,3.190880870490641
311_img_.png,clip_limit,0.0,23.407622570710668,0.970119089636173,0.30261673255854593,3.069075667209746
311_img_.png,clip_limit,1.0,19.818917941262413,0.9277855146167836,0.30357542542089283,3.2228937482509767
311_img_.png,clip_limit,2.0,16.609297564987095,0.8310627221445492,0.30550723661731877,3.177442550186279
311_img_.png,clip_limit,3.0,15.032747831445493,0.7549177004137962,0.3096944210742969,3.1095623853827115
311_img_.png,clip_limit,4.0,13.932718491840756,0.701030685728953,0.315052428253481,2.9929924465605735
311_img_.png,clip_limit,6.0,13.056465107186197,0.6534927424994028,0.32012551495136843,2.8177340316311836
311_img_.png,red_alpha,0.0,16.35855981765642,0.8238638219374121,0.3108755507565253,3.1787990890003512
311_img_.png,red_alpha,0.5,16.47473396564592,0.828484142887954,0.3081933443522589,3.1693366040821918
311_img_.png,red_alpha,1.0,16.609297564987095,0.8310627221445492,0.30550723661731877,3.177442550186279
311_img_.png,red_alpha,1.5,16.69290107692139,0.8340802901837007,0.30430023385096383,3.1760216608257315
311_img_.png,red_alpha,2.0,16.899136977829404,0.8362370109405562,0.30203328477421737,3.1904840835403236
325_img_.png,clip_limit,0.0,22.31331687346783,0.9442414753769602,0.316522487528111,2.1596031576239563
325_img_.png,clip_limit,1.0,19.717266868159445,0.8895037636257731,0.3049578368040557,2.6441383409163253
325_img_.png,clip_limit,2.0,17.904788505976168,0.8139282104886675,0.304690909124126,2.792206650235182
325_img_.png,clip_limit,3.0,16.8372972523528,0.7558896137129372,0.30511493919836546,2.8332043429968157
325_img_.png,clip_limit,4.0,15.893040363896162,0.7056069824302437,0.305378211642113,2.894306452906542
325_img_.png,clip_limit,6.0,14.984665956375547,0.6468826952604115,0.30522804575245804,2.950362198188029
325_img_.png,red_alpha,0.0,15.182815666418401,0.6952000575631899,0.32305576427495014,2.6821682898780006
325_img_.png,red_alpha,0.5,18.5255923556587,0.8001559135042072,0.30889495819460416,2.839768910063018
325_img_.png,red_alpha,1.0,17.904788505976168,0.8139282104886675,0.304690909124126,2.792206650235182
325_img_.png,red_alpha,1.5,17.618570705255543,0.8258230197663181,0.3057438048152244,2.7306034495167513
325_img_.png,red_alpha,2.0,17.69178173379865,0.833313608388532,0.30574293308826866,2.729675472540955
32_img_.png,clip_limit,0.0,18.400157851283872,0.8873521429591819,0.3367339205824634,2.74266338266111
32_img_.png,clip_limit,1.0,18.886786350528265,0.8886704040425085,0.33793618794359037,2.9160518471547423
32_img_.png,clip_limit,2.0,18.460228789562926,0.8429148574677717,0.34093977867104125,2.922794178670087
32_img_.png,clip_limit,3.0,18.059563078727948,0.8043704144522134,0.341789247417282,2.941563341442971
32_img_.png,clip_limit,4.0,17.72905646111784,0.7729747989284235,0.3412972641093335,2.9572005870892633
32_img_.png,clip_limit,6.0,17.21302518212268,0.729415989298522,0.3422233213106007,2.975032884071092
32_img_.png,red_alpha,0.0,16.095729177980513,0.7606515003720057,0.36265061294756684,2.73927556290434
32_img_.png,red_alpha,0.5,17.838480899957588,0.8188108070295007,0.3518217097191725,2.850087460631565
32_img_.png,red_alpha,1.0,18.460228789562926,0.8429148574677717,0.34093977867104125,2.922794178670087
32_img_.png,red_alpha,1.5,18.21678124778964,0.8471117915731142,0.3349017912965928,2.973214295529696
32_img_.png,red_alpha,2.0,17.01123231396275,0.8395059799348922,0.3312099822183341,2.994955412466368
359_img_.png,clip_limit,0.0,16.772650025651604,0.8085550522672641,0.38350670255961,2.132978297024533
359_img_.png,clip_limit,1.0,15.844980478183126,0.7299980938600883,0.3862380276569223,2.8052032483783877
359_img_.png,clip_limit,2.0,15.385922307977866,0.6616334777082197,0.384335414442754,2.928780438143788
359_img_.png,clip_limit,3.0,14.867479098074599,0.605368761097731,0.37987201882166793,2.9783903628351336
359_img_.png,clip_limit,4.0,14.6048516132498,0.5665904150249863,0.3744961099912267,2.9863415210501874
359_img_.png,clip_limit,6.0,14.128274484475128,0.5128453645462252,0.37320339164640004,2.96325641943936
359_img_.png,red_alpha,0.0,15.910165323343264,0.6148771476326093,0.3953512080174181,2.691757672247661
359_img_.png,red_alpha,0.5,16.20321615236467,0.6542837653259398,0.3870854894228182,2.9483305328095684
359_img_.png,red_alpha,1.0,15.385922307977866,0.6616334777082197,0.384335414442754,2.928780438143788
359_img_.png,red_alpha,1.5,14.801005348449397,0.6656683478639654,0.3819438907922119,2.892641845677826
359_img_.png,red_alpha,2.0,14.268169196973307,0.6605210907615414,0.37856721152026684,2.903087359376354
362_img_.png,clip_limit,0.0,14.777735032200548,0.76181988504317,0.3331225684447133,1.7863454044913336
362_img_.png,clip_limit,1.0,14.131715370826367,0.7154843319920818,0.32866723287795396,2.5211959435452167
362_img_.png,clip_limit,2.0,13.806535689810271,0.6528722333939528,0.3255655942716038,2.620673894608502
362_img_.png,clip_limit,3.0,13.508071479053687,0.5973497919420002,0.32537591233881724,2.6942912075859278
362_img_.png,clip_limit,4.0,13.351262812851179,0.5555298336579658,0.3264224189322081,2.76539303159051
362_img_.png,clip_limit,6.0,13.07014402798609,0.4992550917674274,0.3276741896643938,2.8029914806539136
362_img_.png,red_alpha,0.0,14.379756534307344,0.5913602347349068,0.3495599401425299,2.515130529443324
362_img_.png,red_alpha,0.5,15.578854445607162,0.6432355253896577,0.3312808535133142,2.5380443352094795
362_img_.png,red_alpha,1.0,13.806535689810271,0.6528722333939528,0.3255655942716038,2.620673894608502
362_img_.png,red_alpha,1.5,12.738070270729079,0.6528322684766102,0.3227254593024723,2.5721559561337846
362_img_.png,red_alpha,2.0,11.994736354207243,0.6562728305890013,0.3226912996428555,2.5560319568340906
379_img_.png,clip_limit,0.0,15.167339160138802,0.7601900592127154,0.43786716556436955,2.141896173710565
379_img_.png,clip_limit,1.0,16.818002546358343,0.8184763126341804,0.41954838903788017,2.3912300760405225
379_img_.png,clip_limit,2.0,17.335085369968283,0.813466813645964,0.40580479342351106,2.526412538332003
379_img_.png,clip_limit,3.0,17.20529997264497,0.7945806273198056,0.4021989479376018,2.6520420889314584
379_img_.png,clip_limit,4.0,16.94407870767383,0.7737392778196933,0.39664503713251054,2.7649796670929447
379_img_.png,clip_limit,6.0,16.540504689886227,0.7385922475191292,0.3909536152872951,2.86473751275637
379_img_.png,red_alpha,0.0,17.250539731778215,0.8095263390469385,0.4074172896980679,2.514340645168338
379_img_.png,red_alpha,0.5,17.351463806458042,0.8107211247629728,0.4079468746837946,2.521579910396216
379_img_.png,red_alpha,1.0,17.335085369968283,0.813466813645964,0.40580479342351106,2.526412538332003
379_img_.png,red_alpha,1.5,17.403297955898466,0.8130877072452964,0.4080268202302573,2.519969648226623
379_img_.png,red_alpha,2.0,17.29774124408886,0.8107857852615344,0.4076834125667081,2.5220797946273823
380_img_.png,clip_limit,0.0,15.97330120375219,0.8639599275762704,0.3012091418963841,1.2636991940445512
380_img_.png,clip_limit,1.0,17.428364100976868,0.8617316309924482,0.2866359137763361,2.014061030214773
380_img_.png,clip_limit,2.0,18.03245753201709,0.8132707754663979,0.2801357213600422,2.399976967611367
380_img_.png,clip_limit,3.0,18.18651492930809,0.7617647398950438,0.27819916936495026,2.6001061347698715
380_img_.png,clip_limit,4.0,18.015605745894536,0.7153409077804297,0.2758627651310378,2.703796275449894
380_img_.png,clip_limit,6.0,17.322852553284566,0.6465154448267901,0.2748137094168751,2.845610423648268
380_img_.png,red_alpha,0.0,18.318227254534293,0.8223568436502956,0.2847706460594205,2.45958280155524
380_img_.png,red_alpha,0.5,18.47013595330331,0.8185024331325335,0.28085221710611585,2.418463445262476
380_img_.png,red_alpha,1.0,18.03245753201709,0.8132707754663979,0.2801357213600422,2.399976967611367
380_img_.png,red_alpha,1.5,17.596145501912115,0.8085597481007051,0.2842772452093769,2.3765987026426183
380_img_.png,red_alpha,2.0,16.979807802357733,0.8135497425738075,0.27899968790970925,2.304991866926927
383_img_.png,clip_limit,0.0,21.540240091736248,0.8709363253250934,0.3213381185437959,2.2728656127129367
383_img_.png,clip_limit,1.0,27.308361705372974,0.9549605504167805,0.31926678710112744,2.8492637589102525
383_img_.png,clip_limit,2.0,29.21745280935783,0.9579265278357791,0.32282994352415567,2.984628956314823
383_img_.png,clip_limit,3.0,25.62614931312615,0.9297722524873647,0.32367496929982426,3.035483803602202
383_img_.png,clip_limit,4.0,23.737712176645985,0.9021195262907872,0.3247596357811618,3.036742286802099
383_img_.png,clip_limit,6.0,21.555895723641765,0.858139770764629,0.325033155642709,3.0508902410592373
383_img_.png,red_alpha,0.0,30.00911744352734,0.9552481092706628,0.32582325451165783,2.9837189897620977
383_img_.png,red_alpha,0.5,30.201366003054613,0.957829614741867,0.3238183961217002,2.9763092151548616
383_img_.png,red_alpha,1.0,29.21745280935783,0.9579265278357791,0.32282994352415567,2.984628956314823
383_img_.png,red_alpha,1.5,28.17336428239981,0.9566327194952103,0.32276229442413884,2.9888063847656774
383_img_.png,red_alpha,2.0,26.658121038235695,0.9531996529658825,0.31890277946025886,2.9873869833395865
402_img_.png,clip_limit,0.0,19.913800295988224,0.9342013344975171,0.30026130331675904,2.0135755235119843
402_img_.png,clip_limit,1.0,18.746978529342748,0.8783356826365881,0.29357143833812815,2.4170142577582494
402_img_.png,clip_limit,2.0,17.10529060070965,0.7935531841143705,0.2914105749363946,2.5734896131254086
402_img_.png,clip_limit,3.0,16.191319691227164,0.7356109552073503,0.2909310988563821,2.6661720114324403
402_img_.png,clip_limit,4.0,15.52718852663724,0.6883050867506865,0.2916149881541626,2.724786511976192
402_img_.png,clip_limit,6.0,14.900852415653645,0.6303257739242202,0.2917939638220539,2.7976591256355188
402_img_.png,red_alpha,0.0,18.253236016308453,0.7577918027581934,0.30487003612408714,2.6855630124562535
402_img_.png,red_alpha,0.5,18.66636302423228,0.7948791661875392,0.3000167491044623,2.613413442589283
402_img_.png,red_alpha,1.0,17.10529060070965,0.7935531841143705,0.2914105749363946,2.5734896131254086
402_img_.png,red_alpha,1.5,15.571163673617814,0.7867859647388779,0.2899478487474998,2.5745943278501886
402_img_.png,red_alpha,2.0,14.857752950160501,0.7869002501723311,0.2935394345822971,2.5521763368780297
421_img_.png,clip_limit,0.0,20.47324368181416,0.9041644253031101,0.3920854617532742,2.617120515987321
421_img_.png,clip_limit,1.0,18.03733282421373,0.816488629161434,0.3770269080145152,3.002447503144622
421_img_.png,clip_limit,2.0,15.979562789207659,0.7134409002644831,0.3725210602163628,3.0427480814678014
421_img_.png,clip_limit,3.0,14.79260346368295,0.6405716377007326,0.3701030773938975,3.0373107841966456
421_img_.png,clip_limit,4.0,14.055589922045808,0.5968131888814169,0.36751159711938336,3.0357106189993663
421_img_.png,clip_limit,6.0,13.159677459953192,0.5382620631099183,0.3647088977895739,3.067229383713567
421_img_.png,red_alpha,0.0,16.24031530040458,0.6998028459043426,0.3741415194927777,2.971859071336257
421_img_.png,red_alpha,0.5,16.10942358796843,0.7066672192577336,0.37251520854445996,2.9874739265636276
421_img_.png,red_alpha,1.0,15.979562789207659,0.7134409002644831,0.3725210602163628,3.0427480814678014
421_img_.png,red_alpha,1.5,15.711068153845126,0.7155410025877282,0.3720071963037288,3.024756867042525
421_img_.png,red_alpha,2.0,15.51865515525895,0.7160738724359584,0.37041637196149835,3.033089997960856
450_img_.png,clip_limit,0.0,19.566523519195478,0.8791426162890028,0.36609761987066125,2.2707913960280273
450_img_.png,clip_limit,1.0,21.456334831985654,0.9207302627879597,0.3599049877003008,2.536817450132662
450_img_.png,clip_limit,2.0,21.210517734283872,0.9049749513693661,0.3539982459179431,2.703218784052709
450_img_.png,clip_limit,3.0,20.143663016261296,0.8676693953668431,0.3515071030492785,2.7701007813225837
450_img_.png,clip_limit,4.0,19.22653208301776,0.8313204419072054,0.35010514627240574,2.834288403331006
450_img_.png,clip_limit,6.0,18.074083727199138,0.7778942139832833,0.34814736060135826,2.9334971071888702
450_img_.png,red_alpha,0.0,21.300341202073124,0.9120301747507882,0.35895532672676694,2.7039100038320862
450_img_.png,red_alpha,0.5,21.33298894123972,0.9094476006065193,0.35617911025897664,2.7056573246505122
450_img_.png,red_alpha,1.0,21.210517734283872,0.9049749513693661,0.3539982459179431,2.703218784052709
450_img_.png,red_alpha,1.5,21.097834045253585,0.9037660229799159,0.35305816520732425,2.687523698618209
450_img_.png,red_alpha,2.0,20.613383053792557,0.8995983271162831,0.35067790032278867,2.6836797393105565
460_img_.png,clip_limit,0.0,20.292919060133578,0.8426454803450606,0.3482687532650954,2.6254911974675963
460_img_.png,clip_limit,1.0,21.112668612537504,0.9065184204063191,0.3437049740289702,2.941732500357815
460_img_.png,clip_limit,2.0,20.698412209807906,0.9101442082488133,0.3426855000200246,2.963451769013253
460_img_.png,clip_limit,3.0,20.051705654178967,0.8892204214357905,0.34180121525032914,2.9774924491175216
460_img_.png,clip_limit,4.0,19.57197804015294,0.865668405944362,0.3425557422050288,2.985910389157694
460_img_.png,clip_limit,6.0,18.812969216007886,0.8271060522275363,0.34245668038604654,2.9555648954551947
460_img_.png,red_alpha,0.0,20.68548212821539,0.9235795224571436,0.348980185885961,2.9044159854338485
460_img_.png,red_alpha,0.5,21.01418010176215,0.9178192417589998,0.3467445384262458,2.936911129753698
460_img_.png,red_alpha,1.0,20.698412209807906,0.9101442082488133,0.3426855000200246,2.963451769013253
460_img_.png,red_alpha,1.5,19.972412931990903,0.9020248070558239,0.3408220059138802,2.9946522019024227
460_img_.png,red_alpha,2.0,19.02002116320176,0.8963430557358673,0.3383823344971696,2.984492853974081
481_img_.png,clip_limit,0.0,17.249705527182638,0.909788862302639,0.29704719101692517,2.914279993039875
481_img_.png,clip_limit,1.0,17.375261035874527,0.8188320634088139,0.2927261826072062,3.196947056641516
481_img_.png,clip_limit,2.0,16.422163677574314,0.682155032656273,0.2970065669028527,3.269485738778453
481_img_.png,clip_limit,3.0,15.345820356554436,0.5787499832501263,0.3044475297938849,3.248384594268229
481_img_.png,clip_limit,4.0,14.446626078853162,0.5091718414991049,0.31413973590008365,3.190361324608244
481_img_.png,clip_limit,6.0,13.295809005462027,0.43554816207881225,0.32339409803828734,3.0637495465687814
481_img_.png,red_alpha,0.0,15.880459722265886,0.6041491047766009,0.3019880373064031,3.0497257428706073
481_img_.png,red_alpha,0.5,16.145955403515693,0.6444696758722784,0.3010410040967448,3.2552630247981034
481_img_.png,red_alpha,1.0,16.422163677574314,0.682155032656273,0.2970065669028527,3.269485738778453
481_img_.png,red_alpha,1.5,16.64004175490949,0.7064747842998876,0.2957774586482783,3.247979819268921
481_img_.png,red_alpha,2.0,16.661283106119985,0.7098318867525921,0.3010573691071413,3.225148277064501
484_img_.png,clip_limit,0.0,24.753571772393904,0.9319767215999949,0.2944441155988305,3.1478805045935276
484_img_.png,clip_limit,1.0,21.598775233216298,0.9275132016594485,0.29406936875672535,3.240981544306271
484_img_.png,clip_limit,2.0,17.983989509051966,0.8591287265062447,0.2992802242667668,3.1820065166949143
484_img_.png,clip_limit,3.0,16.38490086511182,0.8077558488371473,0.30289627902363414,3.1160222080071556
484_img_.png,clip_limit,4.0,15.668873007751664,0.7826706394843556,0.30466808854844724,3.079902016472797
484_img_.png,clip_limit,6.0,15.193322095595345,0.7662866874212056,0.3040999108714738,3.047263735079936
484_img_.png,red_alpha,0.0,18.12523752468461,0.8582934489113078,0.3010020951798097,3.156848766347629
484_img_.png,red_alpha,0.5,17.977070343320705,0.8579206289826047,0.29999957954014744,3.188927929221138
484_img_.png,red_alpha,1.0,17.983989509051966,0.8591287265062447,0.2992802242667668,3.1820065166949143
484_img_.png,red_alpha,1.5,17.95096999619815,0.8574958036208887,0.2966758209954528,3.225281767417605
484_img_.png,red_alpha,2.0,17.79581620605889,0.8546228114056337,0.29724879899682566,3.223683603992797
490_img_.png,clip_limit,0.0,21.25077799233509,0.9365594699948394,0.33806008981614183,2.257982813783384
490_img_.png,clip_limit,1.0,19.54448614024716,0.8425214379188734,0.33206357810626597,2.666297172825729
490_img_.png,clip_limit,2.0,17.554577353269003,0.7280953636591025,0.33456128197510276,2.8219696750740324
490_img_.png,clip_limit,3.0,16.35877431968706,0.6417718558812404,0.3387312002578477,2.8763325402717443
490_img_.png,clip_limit,4.0,15.656705802805721,0.5817538011809974,0.3418760394593272,2.922707960687317
490_img_.png,clip_limit,6.0,14.858876399029718,0.5061928675773185,0.34653601239748594,2.964890015046211
490_img_.png,red_alpha,0.0,15.99359579768718,0.6039687210949602,0.3367687138848461,2.611491765918201
490_img_.png,red_alpha,0.5,17.736964490789013,0.6929324019245002,0.3388181845394483,2.723323704043911
490_img_.png,red_alpha,1.0,17.554577353269003,0.7280953636591025,0.33456128197510276,2.8219696750740324
490_img_.png,red_alpha,1.5,16.50531820454757,0.730528440155605,0.3306512152069442,2.8422637682426974
490_img_.png,red_alpha,2.0,14.808152674176494,0.7098510321512478,0.3305911647359676,2.858965959864995
494_img_.png,clip_limit,0.0,21.851689026396038,0.8954460369217948,0.32301294030229766,1.842215045873834
494_img_.png,clip_limit,1.0,29.943673726988713,0.9692219169652061,0.31456581516549986,2.265884653570108
494_img_.png,clip_limit,2.0,29.799887863599057,0.9720738293626754,0.3060798819750942,2.476390751633182
494_img_.png,clip_limit,3.0,25.672038342928467,0.9500484884176442,0.2993057084987924,2.605766934804603
494_img_.png,clip_limit,4.0,23.352815022978813,0.9229737527123755,0.2975301458861043,2.6841878263735297
494_img_.png,clip_limit,6.0,20.492029549346476,0.8700948492129678,0.2944502912961396,2.750634532869703
494_img_.png,red_alpha,0.0,29.9311858444663,0.972019956078959,0.30661106064627086,2.5103579914176577
494_img_.png,red_alpha,0.5,29.93549534554773,0.9724424190768789,0.306729385811756,2.492260054685735
494_img_.png,red_alpha,1.0,29.799887863599057,0.9720738293626754,0.3060798819750942,2.476390751633182
494_img_.png,red_alpha,1.5,29.755268560479188,0.9724541130397734,0.3061437396105182,2.495708860822144
494_img_.png,red_alpha,2.0,29.63840993053658,0.9721222163997373,0.30621672850417964,2.478150265189929
49_img_.png,clip_limit,0.0,21.208400096692724,0.8681819988435816,0.35893971216493553,3.5065973427914128
49_img_.png,clip_limit,1.0,18.122254496544794,0.7766113150317384,0.359567506706602,3.27798063871663
49_img_.png,clip_limit,2.0,15.432595760507466,0.6696726481290144,0.36345076223929007,3.102902927415838
49_img_.png,clip_limit,3.0,14.079104036413774,0.6046739748053714,0.36611047528863494,3.0161269290112855
49_img_.png,clip_limit,4.0,13.461112445009341,0.5732008660557693,0.36661590305292124,2.9701341165973725
49_img_.png,clip_limit,6.0,12.93454987780673,0.5467750335985657,0.36839591725710874,2.902399529938914
49_img_.png,red_alpha,0.0,15.569619057638494,0.6885089055861636,0.36830018544472265,2.891305282976224
49_img_.png,red_alpha,0.5,15.783710203709187,0.685340126572575,0.36640029703894006,3.0176219322384905
49_img_.png,red_alpha,1.0,15.432595760507466,0.6696726481290144,0.36345076223929007,3.102902927415838
49_img_.png,red_alpha,1.5,14.94772854502912,0.6570458077439161,0.36083629450777543,3.1752710435113474
49_img_.png,red_alpha,2.0,14.408494536898617,0.6476849464603628,0.35840011809479155,3.2663784506633458
50_img_.png,clip_limit,0.0,29.33454383369242,0.9537268855304267,0.3263912110316477,2.458387005840568
50_img_.png,clip_limit,1.0,23.762114823629528,0.8962643521877168,0.3234903022728762,2.845704832051457
50_img_.png,clip_limit,2.0,20.32152551346617,0.7994134864767464,0.3240754982884191,2.9621685152291963
50_img_.png,clip_limit,3.0,18.320394240183347,0.7174514356840916,0.32186158921687064,2.977782926774438
50_img_.png,clip_limit,4.0,17.185536658948667,0.6606401864108155,0.32336361983676354,2.9694848429341074
50_img_.png,clip_limit,6.0,15.976369826928543,0.5948878080931547,0.3207877162603012,2.997337502665257
50_img_.png,red_alpha,0.0,19.964980216094897,0.7602128817738333,0.3340701910336537,2.9303571260002044
50_img_.png,red_alpha,0.5,20.18106618286665,0.777167046161261,0.32514226703805327,2.9459485791289373
50_img_.png,red_alpha,1.0,20.32152551346617,0.7994134864767464,0.3240754982884191,2.9621685152291963
50_img_.png,red_alpha,1.5,20.31415632589091,0.8024328212343111,0.32136589930495313,3.0092617037966076
50_img_.png,red_alpha,2.0,20.32956159252068,0.800438765141088,0.3199087505364006,3.0112695224263923
511_img_.png,clip_limit,0.0,24.5437021304965,0.8633337270628831,0.42072547021661827,2.544549943029397
511_img_.png,clip_limit,1.0,23.37109153263689,0.8311046579261948,0.4174010181517626,2.9060771772599923
511_img_.png,clip_limit,2.0,20.023219224082585,0.7464126410418296,0.41576349842858656,3.015009801569366
511_img_.png,clip_limit,3.0,17.727298206979796,0.6714747338692996,0.41503683029218696,3.1414769359585657
511_img_.png,clip_limit,4.0,16.307293446935805,0.6149918097247739,0.4138902800878247,3.161816244668475
511_img_.png,clip_limit,6.0,14.743166286959749,0.5465932855163887,0.41326582868824,3.1545131368373456
511_img_.png,red_alpha,0.0,20.293094263649316,0.7620540028629575,0.4163331678724895,2.9744713811600345
511_img_.png,red_alpha,0.5,20.178443630372705,0.7554069581752247,0.415350869904084,3.004563440617166
511_img_.png,red_alpha,1.0,20.023219224082585,0.7464126410418296,0.41576349842858656,3.015009801569366
511_img_.png,red_alpha,1.5,19.64298245866278,0.7393041753705063,0.4167461904353009,3.04962586740917
511_img_.png,red_alpha,2.0,19.02470428024902,0.7341893799661697,0.41649094227134886,3.081878849933254
519_img_.png,clip_limit,0.0,21.80825336914316,0.8891583817220369,0.34107730045601287,2.2062152181332597
519_img_.png,clip_limit,1.0,19.604802455262774,0.8240043474898826,0.3329320997010088,2.693568012869589
519_img_.png,clip_limit,2.0,16.967497531412214,0.7309447802724911,0.3275303642368325,2.8696668306233506
519_img_.png,clip_limit,3.0,15.144468102182124,0.6543300157299341,0.32625138184307045,2.981502163393536
519_img_.png,clip_limit,4.0,14.04672008986006,0.6033616656329781,0.32409179387904086,3.015976849556746
519_img_.png,clip_limit,6.0,13.009498729614197,0.5522341367953923,0.32522112960096683,3.0416125244454593
519_img_.png,red_alpha,0.0,13.948809073872637,0.5047597308307258,0.34914538361160147,2.884881220914758
519_img_.png,red_alpha,0.5,17.320497673374653,0.7012880190294543,0.3304400277494328,2.9578450429442342
519_img_.png,red_alpha,1.0,16.967497531412214,0.7309447802724911,0.3275303642368325,2.8696668306233506
519_img_.png,red_alpha,1.5,16.62577328376117,0.7378434291072037,0.32664062980701414,2.851463803064771
519_img_.png,red_alpha,2.0,16.11527976012784,0.7339466992841336,0.328648839020016,2.8217301106641264
530_img_.png,clip_limit,0.0,27.52479884450262,0.9494647775813734,0.352487358135378,2.3302091402306315
530_img_.png,clip_limit,1.0,23.20097815169713,0.8777799045957626,0.3409280143978623,2.668325702637189
530_img_.png,clip_limit,2.0,19.036354458915728,0.7728139098755028,0.3362354307560804,2.777598941998868
530_img_.png,clip_limit,3.0,16.873151061782753,0.6896838770177979,0.3325769051341753,2.8418377198772156
530_img_.png,clip_limit,4.0,15.501299039361722,0.6261792063367658,0.33073036201620704,2.889302891751061
530_img_.png,clip_limit,6.0,14.048021832643636,0.5470598319088976,0.32922308185143256,2.924495271692223
530_img_.png,red_alpha,0.0,18.673921159858743,0.7524011471528228,0.33818571727190416,2.796969397392256
530_img_.png,red_alpha,0.5,19.098324769563405,0.7666229013193072,0.33629469108182014,2.795565375728814
530_img_.png,red_alpha,1.0,19.036354458915728,0.7728139098755028,0.3362354307560804,2.777598941998868
530_img_.png,red_alpha,1.5,18.608952815851787,0.7695962318841775,0.3359162029911006,2.773097365156417
530_img_.png,red_alpha,2.0,18.1484832984027,0.7673085876583298,0.3375307785341651,2.7450434610073122
539.png,clip_limit,0.0,20.453001653416845,0.8874499574430361,0.32196011299812355,2.6799339016735026
539.png,clip_limit,1.0,24.30976697046409,0.9550307580120735,0.32304715511975907,3.0184850123092124
539.png,clip_limit,2.0,23.6065062535573,0.9506737089370448,0.3239840470757137,3.0866128325891276
539.png,clip_limit,3.0,21.407319919966387,0.9235982944640987,0.3225295733817929,3.109483789245803
539.png,clip_limit,4.0,19.958900314089608,0.8975150282862862,0.32126998891089315,3.127042960625471
539.png,clip_limit,6.0,18.23315499872249,0.8569931126709974,0.3203223241808272,3.1452935878468122
539.png,red_alpha,0.0,25.312002888103397,0.9550370751168756,0.3338810478599552,3.0447311086955153
539.png,red_alpha,0.5,25.93324535776411,0.9600534279572885,0.3302457122832499,3.0444424367287812
539.png,red_alpha,1.0,23.6065062535573,0.9506737089370448,0.3239840470757137,3.0866128325891276
539.png,red_alpha,1.5,21.633548574961413,0.9405780386566169,0.3208769597771478,3.0947775044088646
539.png,red_alpha,2.0,19.956387467699823,0.9302405515678518,0.3173319022941723,3.109341779634215
567_img_.png,clip_limit,0.0,12.260256810494619,0.7670255777539933,0.26271743188244306,0.6653304932451827
567_img_.png,clip_limit,1.0,12.26324259774305,0.6953606467792105,0.273763946906694,1.048608293489583
567_img_.png,clip_limit,2.0,12.416748167179053,0.6331661187400089,0.2832751208510015,1.3180308039666813
567_img_.png,clip_limit,3.0,12.458835007569268,0.5769296194238399,0.289404374764896,1.6348151747045065
567_img_.png,clip_limit,4.0,12.531314635272661,0.5356322592963717,0.29126662024950034,1.798856481731602
567_img_.png,clip_limit,6.0,12.544353242911681,0.47352872689106523,0.2967650365288528,1.9874617796732645
567_img_.png,red_alpha,0.0,12.417241186583645,0.636730241821748,0.2768221715738184,1.2989870155625747
567_img_.png,red_alpha,0.5,12.44112850441412,0.6343151839520864,0.2797773080527525,1.318205090373825
567_img_.png,red_alpha,1.0,12.416748167179053,0.6331661187400089,0.2832751208510015,1.3180308039666813
567_img_.png,red_alpha,1.5,12.478732095100861,0.6390386735431283,0.2804162508026791,1.2983567340895235
567_img_.png,red_alpha,2.0,12.583778551948823,0.635883005328237,0.28203929017687507,1.3344564573457798
581_img_.png,clip_limit,0.0,17.443271166107316,0.8201528714751373,0.3270557038766742,1.8486281347711744
581_img_.png,clip_limit,1.0,19.432762630974043,0.8625613571891474,0.3144855985281708,2.4246487814769253
581_img_.png,clip_limit,2.0,20.055684116015513,0.838146863041823,0.30700458883337467,2.6631179751277156
581_img_.png,clip_limit,3.0,19.69258154401174,0.8000743905580512,0.3031074642939193,2.794149341301293
581_img_.png,clip_limit,4.0,18.980005319280547,0.7611590906523019,0.30036123048434576,2.8813027401529334
581_img_.png,clip_limit,6.0,17.935312392142848,0.705828801221143,0.2943768979112509,2.985234755616304
581_img_.png,red_alpha,0.0,18.815455440367113,0.8179369808054763,0.31816148516743636,2.693527587034004
581_img_.png,red_alpha,0.5,19.37929059741889,0.8265628790931049,0.31105952375497253,2.6740232363153256
581_img_.png,red_alpha,1.0,20.055684116015513,0.838146863041823,0.30700458883337467,2.6631179751277156
581_img_.png,red_alpha,1.5,20.34986874848333,0.8387040413905349,0.3095455657827896,2.660609408514796
581_img_.png,red_alpha,2.0,20.75828632679931,0.845412652801696,0.30398711686388835,2.674396987332123
587_img_.png,clip_limit,0.0,22.08720551278216,0.9203172959107869,0.29881910516127413,3.01258737051848
587_img_.png,clip_limit,1.0,21.246892633718247,0.883829943832675,0.295237272657236,3.2810461737207683
587_img_.png,clip_limit,2.0,17.889515760558016,0.803439540839746,0.29850835027856726,3.2793875911435255
587_img_.png,clip_limit,3.0,16.39182689500275,0.7571369187701259,0.2994273608783283,3.2620572105744694
587_img_.png,clip_limit,4.0,15.759039691101279,0.7331243134705284,0.30054161581920785,3.226475811340555
587_img_.png,clip_limit,6.0,15.376460415733703,0.7173109534589605,0.2993349349800596,3.200217743831489
587_img_.png,red_alpha,0.0,18.20729610996741,0.8054975061042625,0.30319370774575083,3.2269921126772596
587_img_.png,red_alpha,0.5,18.056586173919708,0.8049188811470344,0.3015355422562828,3.244289234904281
587_img_.png,red_alpha,1.0,17.889515760558016,0.803439540839746,0.29850835027856726,3.2793875911435255
587_img_.png,red_alpha,1.5,17.583441118114266,0.7994843076627193,0.296457760745506,3.304481544891404
587_img_.png,red_alpha,2.0,17.31936667823482,0.7953132772739627,0.29550360781221513,3.2897731466376468
598_img_.png,clip_limit,0.0,17.098796082618584,0.8295334131696804,0.32096042711845796,2.9348129698241934
598_img_.png,clip_limit,1.0,18.900666938679084,0.8927642324212778,0.31151602720175187,3.2049513681742656
598_img_.png,clip_limit,2.0,18.34924634790182,0.867668062190215,0.3094521068846787,3.189253919856207
598_img_.png,clip_limit,3.0,16.875142626616427,0.8225148629985917,0.30898796843995563,3.16529839834857
598_img_.png,clip_limit,4.0,15.65459220219629,0.7843373188489053,0.30932036469730445,3.15081208678412
598_img_.png,clip_limit,6.0,14.464568073779695,0.7465518520747431,0.30861373795364494,3.1275275560628693
598_img_.png,red_alpha,0.0,18.26502523016577,0.8644541746339698,0.3132582419539479,3.1889033720560014
598_img_.png,red_alpha,0.5,18.014121538946448,0.8641639521337728,0.31313958942092174,3.157921002718739
598_img_.png,red_alpha,1.0,18.34924634790182,0.867668062190215,0.3094521068846787,3.189253919856207
598_img_.png,red_alpha,1.5,18.68110121709167,0.8685687753948409,0.3068564610736474,3.196960360758416
598_img_.png,red_alpha,2.0,18.856923453204793,0.8678511231347503,0.3060775412199094,3.198367253226352
599_img_.png,clip_limit,0.0,18.152718179549975,0.8591002062393406,0.3365184444111807,2.578649181875571
599_img_.png,clip_limit,1.0,19.843874025073205,0.8638401546367266,0.332043132947495,2.954511663577496
599_img_.png,clip_limit,2.0,19.888348572926237,0.811581291535021,0.33326696808730755,3.054997035875858
599_img_.png,clip_limit,3.0,19.213566253044622,0.7649432827894348,0.3327945657264245,3.0899384879711818
599_img_.png,clip_limit,4.0,18.578820825963366,0.7283737588459563,0.33267086689343645,3.0948910597948505
599_img_.png,clip_limit,6.0,17.682204492359503,0.6869023204161456,0.3309274740600619,3.1082626070793298
599_img_.png,red_alpha,0.0,19.342475125761652,0.799767098233697,0.33430883909854,3.0180045530058863
599_img_.png,red_alpha,0.5,19.577469918688138,0.8041582812747406,0.3355516368062604,3.0263453360143897
599_img_.png,red_alpha,1.0,19.888348572926237,0.811581291535021,0.33326696808730755,3.054997035875858
599_img_.png,red_alpha,1.5,20.224636172508845,0.8161005723208169,0.33213685565545853,3.038592138665398
599_img_.png,red_alpha,2.0,20.365470500161695,0.8183736002515181,0.3351578418956506,3.0392114122031337
600_img_.png,clip_limit,0.0,22.221610398696967,0.8963393559857628,0.304750239655208,3.072574424649918
600_img_.png,clip_limit,1.0,20.594161227921145,0.9075323556731657,0.3065055088297345,3.187011222329554
600_img_.png,clip_limit,2.0,18.01410038112641,0.871490020064145,0.31163963512076026,3.1450189255690537
600_img_.png,clip_limit,3.0,16.70767514780991,0.8392812120580014,0.3149657863002757,3.1249268982994867
600_img_.png,clip_limit,4.0,16.01963933585767,0.8203277733823416,0.31766736652428135,3.0983113386097356
600_img_.png,clip_limit,6.0,15.54835399534827,0.8089553437245017,0.3174375140962369,3.089518631384317
600_img_.png,red_alpha,0.0,18.051325330516452,0.8726799095234345,0.3136850409088944,3.1398961964443015
600_img_.png,red_alpha,0.5,17.998309681209715,0.8715746884391047,0.3120432453455581,3.142594287554903
600_img_.png,red_alpha,1.0,18.01410038112641,0.871490020064145,0.31163963512076026,3.1450189255690537
600_img_.png,red_alpha,1.5,17.973538774527057,0.870732010633208,0.31356244388478866,3.1553903532165415
600_img_.png,red_alpha,2.0,17.90008899645326,0.869973528849469,0.315136223367624,3.155670653591037
605_img_.png,clip_limit,0.0,23.967045531908198,0.9253667541724523,0.31000554570247507,2.895603632728525
605_img_.png,clip_limit,1.0,22.33821074432018,0.9158837415822617,0.31029887530688893,3.082911741316718
605_img_.png,clip_limit,2.0,18.46347925453662,0.843932813190774,0.3129793976615633,3.039326958696074
605_img_.png,clip_limit,3.0,16.685457292337766,0.7900050767875392,0.3148601077203559,3.003724700750116
605_img_.png,clip_limit,4.0,15.754798263505801,0.7546724045261192,0.3162704016951993,3.0002382686452003
605_img_.png,clip_limit,6.0,14.815545593086412,0.7185364641329284,0.31671130266337044,2.980209341064618
605_img_.png,red_alpha,0.0,17.889584239023893,0.8275011241892285,0.318413329770234,2.9961055684784252
605_img_.png,red_alpha,0.5,18.25177346672736,0.8385650921247055,0.3155017109661244,3.022545734966139
605_img_.png,red_alpha,1.0,18.46347925453662,0.843932813190774,0.3129793976615633,3.039326958696074
605_img_.png,red_alpha,1.5,18.408593855941064,0.8439182928117747,0.3099709981731276,3.0403126189081355
605_img_.png,red_alpha,2.0,18.194802046360895,0.8410404067565924,0.3099986510887878,3.0528393482073946
641_img_.png,clip_limit,0.0,24.811406019238994,0.93714688876111,0.33398606524528024,2.1085579664112224
641_img_.png,clip_limit,1.0,23.44210502952007,0.8465872645001026,0.3292886220267979,2.482951706790733
641_img_.png,clip_limit,2.0,19.831848318848316,0.7327603720318984,0.3298526407620744,2.6805190463488096
641_img_.png,clip_limit,3.0,17.876377455115424,0.6585867350667461,0.33509138169996766,2.7835805171028127
641_img_.png,clip_limit,4.0,16.68925160348103,0.6058117526583175,0.33989557770704465,2.863799753095905
641_img_.png,clip_limit,6.0,15.571238123955293,0.5466458313647665,0.3434538415957704,2.9281873777451137
641_img_.png,red_alpha,0.0,19.488529923345382,0.7190533995050344,0.3350051664653923,2.6910140648026823
641_img_.png,red_alpha,0.5,19.614406898933677,0.7207845158421544,0.33310355264591285,2.6638667664175637
641_img_.png,red_alpha,1.0,19.831848318848316,0.7327603720318984,0.3298526407620744,2.6805190463488096
641_img_.png,red_alpha,1.5,19.843214845359757,0.7362635129632666,0.33298599087793207,2.6814040820575094
641_img_.png,red_alpha,2.0,19.830499081339205,0.7405942870100599,0.3296638147138127,2.703718480675325
645_img_.png,clip_limit,0.0,27.861564977677503,0.9294752350565947,0.3056019372242147,3.0518693697461954
645_img_.png,clip_limit,1.0,24.981464189308724,0.9097924385622923,0.310928276062207,3.2671926112778857
645_img_.png,clip_limit,2.0,20.72929962745201,0.8161855419629097,0.31802025946095946,3.3058300649315235
645_img_.png,clip_limit,3.0,18.605114506420332,0.7389727252151553,0.32065303321940697,3.2709116455960467
645_img_.png,clip_limit,4.0,17.454276174286626,0.6898670969523053,0.32274529739110297,3.223773230689367
645_img_.png,clip_limit,6.0,16.321090010661226,0.6405874048821193,0.3249703410406052,3.1635738064183827
645_img_.png,red_alpha,0.0,20.02770448288492,0.7885774451766423,0.3237462781544701,3.2076552836183136
645_img_.png,red_alpha,0.5,20.43631576533487,0.8045779087814792,0.32055677745425715,3.266516682877888
645_img_.png,red_alpha,1.0,20.72929962745201,0.8161855419629097,0.31802025946095946,3.3058300649315235
645_img_.png,red_alpha,1.5,20.720558707905194,0.8193518687266429,0.3155149342246932,3.3344802557207105
645_img_.png,red_alpha,2.0,20.58216288388121,0.817878938689231,0.3110080586744347,3.3356411744978702
64_img_.png,clip_limit,0.0,23.237454192382273,0.9226550104274066,0.32576094123479116,2.8059839336398262
64_img_.png,clip_limit,1.0,22.498159945669364,0.9118345618567477,0.3284560470285142,3.05582906907292
64_img_.png,clip_limit,2.0,20.26398143600482,0.8576145238296481,0.33074538682028565,3.163842810625131
64_img_.png,clip_limit,3.0,18.65179288495936,0.8050441181813648,0.33175690605212577,3.213660184722201
64_img_.png,clip_limit,4.0,17.824705603482418,0.7676346804845138,0.3318449726851176,3.242068828776382
64_img_.png,clip_limit,6.0,17.006972097002514,0.7175298977791829,0.33111786669154053,3.272653679458217
64_img_.png,red_alpha,0.0,20.897389407186978,0.864113747216991,0.3338863439427404,3.1744563944739177
64_img_.png,red_alpha,0.5,20.665251192948592,0.8623976316873256,0.3334455651935894,3.1663487054946042
64_img_.png,red_alpha,1.0,20.26398143600482,0.8576145238296481,0.33074538682028565,3.163842810625131
64_img_.png,red_alpha,1.5,19.70696350348206,0.8505428706621565,0.3286624565663923,3.159193090813584
64_img_.png,red_alpha,2.0,19.12987295409629,0.8450846271922354,0.32692258223934084,3.1692374108968586
651_img_.png,clip_limit,0.0,28.308749178695038,0.8652456757031733,0.43820041258300796,2.3305602203395885
651_img_.png,clip_limit,1.0,20.57468169276053,0.8093445078762666,0.42004872640223073,2.722793343411772
651_img_.png,clip_limit,2.0,17.2947638361379,0.7234686222580785,0.4141509616819081,2.8089425238111483
651_img_.png,clip_limit,3.0,15.885727577524273,0.6704035033863706,0.40749445690888897,2.840036938792276
651_img_.png,clip_limit,4.0,15.050439386468042,0.6358644939828736,0.4040818641519334,2.860922993841803
651_img_.png,clip_limit,6.0,14.226114355547248,0.5961847173513285,0.4004988339657255,2.9046772678092796
651_img_.png,red_alpha,0.0,17.587419024300576,0.722793569656845,0.416379896844531,2.7568187919612597
651_img_.png,red_alpha,0.5,17.50400560748131,0.7239032460898084,0.4153798645019586,2.784706160338934
651_img_.png,red_alpha,1.0,17.2947638361379,0.7234686222580785,0.4141509616819081,2.8089425238111483
651_img_.png,red_alpha,1.5,17.06969448275814,0.7225008717472535,0.41352627523121965,2.83734620363503
651_img_.png,red_alpha,2.0,16.83425584435515,0.721939761208792,0.41300624221031723,2.8578552909248605
663_img_.png,clip_limit,0.0,28.66245742021373,0.9665131434133195,0.3180870369393631,2.4725049524000755
663_img_.png,clip_limit,1.0,22.0064558433651,0.8892723130322367,0.3190310543602703,2.9084895608073973
663_img_.png,clip_limit,2.0,17.441955414594485,0.7699751610468688,0.32003455117256174,3.066379114575412
663_img_.png,clip_limit,3.0,15.490700879125892,0.6877055886950642,0.3233605439343589,3.16059209838407
663_img_.png,clip_limit,4.0,14.615552018966726,0.6406642177890903,0.3238240461925713,3.192674108536524
663_img_.png,clip_limit,6.0,13.817289208123963,0.5953887671097725,0.3255328216493024,3.222348359073859
663_img_.png,red_alpha,0.0,14.537326297865201,0.5934180200642003,0.33595914997082416,2.827220178310534
663_img_.png,red_alpha,0.5,17.37319588127315,0.7480062499339453,0.3252154271533054,3.0893003566828616
663_img_.png,red_alpha,1.0,17.441955414594485,0.7699751610468688,0.32003455117256174,3.066379114575412
663_img_.png,red_alpha,1.5,17.29527171317462,0.7782027446925133,0.3217626874551519,3.061193218780158
663_img_.png,red_alpha,2.0,17.1623935838894,0.7817859567133053,0.32238535534632584,3.0564431963363417
679_img_.png,clip_limit,0.0,21.70448251169098,0.9168406156779912,0.3250526157732463,2.8246144434565257
679_img_.png,clip_limit,1.0,24.19111118288817,0.9710177009295798,0.3229028189683455,3.00715972180958
679_img_.png,clip_limit,2.0,23.862590922760546,0.9529015488706749,0.31947463605746007,3.093229180507731
679_img_.png,clip_limit,3.0,22.45778929331397,0.9110710652080599,0.3189631902564007,3.119373753807756
679_img_.png,clip_limit,4.0,21.31333733459147,0.8722387085350646,0.319150064620487,3.1471093679829014
679_img_.png,clip_limit,6.0,19.39969615608139,0.8093818047402106,0.31843325528763033,3.1928348680928536
679_img_.png,red_alpha,0.0,23.965588273419307,0.9517494277974269,0.32170545917321497,3.0953711047721053
679_img_.png,red_alpha,0.5,24.15506375819517,0.9528635691102281,0.31979688261565126,3.0867793480461923
679_img_.png,red_alpha,1.0,23.862590922760546,0.9529015488706749,0.31947463605746007,3.093229180507731
679_img_.png,red_alpha,1.5,23.568769172240213,0.952482306838632,0.3179011888390918,3.092371724041331
679_img_.png,red_alpha,2.0,23.13500963703893,0.9514807507060583,0.3178809073471649,3.068541968221598
686_img_.png,clip_limit,0.0,17.942568264948594,0.951172519705226,0.284664200178598,2.165508231120419
686_img_.png,clip_limit,1.0,18.19720710458698,0.9224830606160683,0.3024387990205185,2.3612083543321742
686_img_.png,clip_limit,2.0,16.867677812424084,0.8513343036713347,0.3172928651114871,2.477644648902213
686_img_.png,clip_limit,3.0,16.142366738677666,0.8073644355423877,0.3225512159503588,2.517584125880931
686_img_.png,clip_limit,4.0,15.878402444007387,0.7840922038223305,0.32479960744909997,2.601383719714221
686_img_.png,clip_limit,6.0,15.693270590778143,0.758376654346582,0.3260769977285419,2.6842335437008513
686_img_.png,red_alpha,0.0,14.68821072612675,0.7434293011444889,0.33036200159861395,2.2104187601891185
686_img_.png,red_alpha,0.5,16.950145560310123,0.8239145409600015,0.32439309586339404,2.2997560890967064
686_img_.png,red_alpha,1.0,16.867677812424084,0.8513343036713347,0.3172928651114871,2.477644648902213
686_img_.png,red_alpha,1.5,15.979291538129718,0.8505654043955442,0.31442150845799277,2.4929528640894345
686_img_.png,red_alpha,2.0,15.043066837210155,0.840334444539435,0.31053204313186106,2.5067259544548346
688_img_.png,clip_limit,0.0,25.013869307347193,0.9151531466295845,0.3847585924111201,2.666440524887289
688_img_.png,clip_limit,1.0,22.93369130636374,0.8849468297992392,0.39075271934611816,2.8206603211780124
688_img_.png,clip_limit,2.0,19.83716993920897,0.8284643507560254,0.39547647955063825,2.7671291272726872
688_img_.png,clip_limit,3.0,18.64523074857413,0.7986037171849333,0.3979177044258004,2.74426892604653
688_img_.png,clip_limit,4.0,18.261564734500364,0.7837644096909825,0.3977741098910464,2.774430236285154
688_img_.png,clip_limit,6.0,17.853225867999647,0.765358166537745,0.39589002326689116,2.8247192028639923
688_img_.png,red_alpha,0.0,19.327348352328993,0.8043663533598607,0.4001917301167419,2.620909405981833
688_img_.png,red_alpha,0.5,19.944187154718037,0.8192487026610892,0.3980100303702788,2.6916940556038935
688_img_.png,red_alpha,1.0,19.83716993920897,0.8284643507560254,0.39547647955063825,2.7671291272726872
688_img_.png,red_alpha,1.5,19.187184977854567,0.8297447372887143,0.3930800666634362,2.83513764231301
688_img_.png,red_alpha,2.0,18.429287928107165,0.825413101588102,0.39162585145929774,2.897318893262414
691_img_.png,clip_limit,0.0,21.33122278245758,0.9051385329101409,0.34092154434332517,2.629438377402899
691_img_.png,clip_limit,1.0,23.81190463340677,0.9413658643778481,0.3460059022064648,2.9152985691415667
691_img_.png,clip_limit,2.0,23.43250178106079,0.9246297880700758,0.3513357726409583,3.0203174291648978
691_img_.png,clip_limit,3.0,22.345124052363573,0.8912201177303283,0.3546601817067362,3.089380946524777
691_img_.png,clip_limit,4.0,21.479052808500416,0.8550036289175741,0.356829432905355,3.123119624786177
691_img_.png,clip_limit,6.0,20.063275832086802,0.7909407154531448,0.35956344157813036,3.1600391040246016
691_img_.png,red_alpha,0.0,22.70766264910618,0.9187332157178184,0.3486173358097369,3.0237091445875484
691_img_.png,red_alpha,0.5,23.187919635273108,0.9219099289009183,0.35185254338019956,3.024963717288599
691_img_.png,red_alpha,1.0,23.43250178106079,0.9246297880700758,0.3513357726409583,3.0203174291648978
691_img_.png,red_alpha,1.5,23.64423139053466,0.925876508375616,0.3516807461479405,3.0307758136238565
691_img_.png,red_alpha,2.0,23.68345668034767,0.9250657577825975,0.3528071660330093,3.0371134317165307
698_img_.png,clip_limit,0.0,33.62348563313467,0.9849091590875597,0.3175975907781413,2.937039675762209
698_img_.png,clip_limit,1.0,25.49886100883151,0.9235885737323007,0.3181112182294418,3.1694242675642674
698_img_.png,clip_limit,2.0,20.37370513521211,0.8165903714918811,0.318759074144111,3.206731010367298
698_img_.png,clip_limit,3.0,18.500507510408426,0.7398455676463186,0.3195648518844576,3.2041299025884307
698_img_.png,clip_limit,4.0,17.631707598695904,0.6917785552263963,0.32083601367578457,3.18585965183986
698_img_.png,clip_limit,6.0,16.655032685155312,0.6297492837287887,0.32137332421157355,3.1953675535395556
698_img_.png,red_alpha,0.0,20.13656865684578,0.814180365500636,0.32193436417044946,3.2151906278787403
698_img_.png,red_alpha,0.5,20.27146727287398,0.8157834704084652,0.32036508964576665,3.211246329372428
698_img_.png,red_alpha,1.0,20.37370513521211,0.8165903714918811,0.318759074144111,3.206731010367298
698_img_.png,red_alpha,1.5,20.45292426874171,0.8182642585486497,0.31734168947235253,3.190201944519387
698_img_.png,red_alpha,2.0,20.46513223457144,0.8177396287228342,0.3165576401525336,3.1675571019164748
714_img_.png,clip_limit,0.0,29.16085715943641,0.9272764204126936,0.3054449298119171,2.2596686469440863
714_img_.png,clip_limit,1.0,22.69624319683117,0.8628271844825628,0.30326243067884096,2.863632227066483
714_img_.png,clip_limit,2.0,18.064695867317845,0.7498320755496248,0.3060371050602037,3.0141165050173746
714_img_.png,clip_limit,3.0,15.807733552187887,0.663205781924968,0.3078839463632291,3.0670937311590833
714_img_.png,clip_limit,4.0,14.552442421525868,0.6065849588846396,0.3092335492968295,3.0828804488094192
714_img_.png,clip_limit,6.0,13.305140557683341,0.5490329883579093,0.3104178306123736,3.095287893340764
714_img_.png,red_alpha,0.0,17.24584730526448,0.6540352956261427,0.3132972245117423,3.01990267136499
714_img_.png,red_alpha,0.5,17.94122614461345,0.7153578979887515,0.3109756159993201,3.0228426192542797
714_img_.png,red_alpha,1.0,18.064695867317845,0.7498320755496248,0.3060371050602037,3.0141165050173746
714_img_.png,red_alpha,1.5,18.08375086215157,0.769545635159167,0.30566496089609546,2.9954213073020375
714_img_.png,red_alpha,2.0,17.930668155620072,0.7785800485835533,0.30548763875768414,2.99311963196402
719_img_.png,clip_limit,0.0,28.404423211882435,0.965292114221194,0.3343235011001222,1.2761355826534473
719_img_.png,clip_limit,1.0,23.0932839357426,0.9066949700229764,0.32566972653466525,1.789567678200104
719_img_.png,clip_limit,2.0,19.44194958849728,0.8265610788585032,0.3183397153501703,2.11831590361359
719_img_.png,clip_limit,3.0,17.509099940661855,0.7634594022617107,0.31617900114022324,2.2851327314778063
719_img_.png,clip_limit,4.0,16.237291750160004,0.7159095084449815,0.3127731391596975,2.373520743968961
719_img_.png,clip_limit,6.0,14.663180549105592,0.6504386138846702,0.3101810399580013,2.5236638693643227
719_img_.png,red_alpha,0.0,9.869411177579225,0.45422044661187955,0.3436308203923643,2.398303028836952
719_img_.png,red_alpha,0.5,19.272947349460235,0.7697717810843079,0.32174692009253225,2.219744053579893
719_img_.png,red_alpha,1.0,19.44194958849728,0.8265610788585032,0.3183397153501703,2.11831590361359
719_img_.png,red_alpha,1.5,19.318133237353095,0.8400169249206374,0.3171967558627883,2.079518276498811
719_img_.png,red_alpha,2.0,18.39555932157748,0.8267906634756247,0.3042432717447532,2.02932979979887
721_img_.png,clip_limit,0.0,15.675566653380573,0.7652528082793246,0.35523123014685865,1.928852883297816
721_img_.png,clip_limit,1.0,16.356044594408328,0.7527250870861121,0.3575817214953139,2.29413770002571
721_img_.png,clip_limit,2.0,16.46436914599674,0.7144358732175841,0.3604299038572551,2.444845029688538
721_img_.png,clip_limit,3.0,16.226672359466786,0.6750651220440395,0.360974715916061,2.5610912903143728
721_img_.png,clip_limit,4.0,16.032057027723436,0.6437102012241881,0.36231156878692455,2.6468773542811923
721_img_.png,clip_limit,6.0,15.58309069678347,0.5985673365431207,0.36424595277827376,2.7539171780037597
721_img_.png,red_alpha,0.0,17.05501262589903,0.7223171200080668,0.35926691247798537,2.3920722694363628
721_img_.png,red_alpha,0.5,17.016737655614843,0.7234235512122577,0.3606650870051483,2.4065486434440437
721_img_.png,red_alpha,1.0,16.46436914599674,0.7144358732175841,0.3604299038572551,2.444845029688538
721_img_.png,red_alpha,1.5,15.651657030163697,0.7045145766218005,0.35770251634453476,2.4479124835936616
721_img_.png,red_alpha,2.0,14.906331774367175,0.7007096467079883,0.3561238570691729,2.424958923933437
723_img_.png,clip_limit,0.0,23.896036818609673,0.9263964825840264,0.3666864657384235,3.0515299761764263
723_img_.png,clip_limit,1.0,20.25504817198709,0.876909439736487,0.3580968139606883,3.2294520609985593
723_img_.png,clip_limit,2.0,16.89865926902386,0.7781182964419991,0.35598321551513956,3.2460650083560356
723_img_.png,clip_limit,3.0,15.014072795920203,0.6983082482670735,0.35493109335090894,3.2013094072998602
723_img_.png,clip_limit,4.0,14.062614938765357,0.6515459812107743,0.3552847842025215,3.1520560156548814
723_img_.png,clip_limit,6.0,13.103222484481723,0.6040674693598133,0.35493985642202525,3.0904572021871757
723_img_.png,red_alpha,0.0,16.744967545452784,0.7772333170931178,0.35914842026840843,3.2260002699524586
723_img_.png,red_alpha,0.5,16.820312705617773,0.7775389609905626,0.35685396323946783,3.232119041944666
723_img_.png,red_alpha,1.0,16.89865926902386,0.7781182964419991,0.35598321551513956,3.2460650083560356
723_img_.png,red_alpha,1.5,16.902849520966864,0.7768090629354857,0.3550788270301475,3.2449437217047885
723_img_.png,red_alpha,2.0,16.932700590243613,0.7764339946095201,0.3542335878725029,3.2544071505478898
727_img_.png,clip_limit,0.0,31.221857295991057,0.9910445559016353,0.32211237998911046,3.3281180883176376
727_img_.png,clip_limit,1.0,22.700292639604168,0.926739235840215,0.3232423429288742,3.3184235969769356
727_img_.png,clip_limit,2.0,18.01033309534912,0.8334963254319777,0.32641974823143244,3.05556176013663
727_img_.png,clip_limit,3.0,16.713869074456827,0.7885808879315297,0.3264569041776993,2.9950726833474848
727_img_.png,clip_limit,4.0,16.24858933470697,0.7677680674725376,0.32600023727332883,2.9711754659193956
727_img_.png,clip_limit,6.0,15.687509802369167,0.7459535227443809,0.3255629453825271,2.9578352577120435
727_img_.png,red_alpha,0.0,17.83518919864788,0.8255453455491061,0.3284495465750189,3.0004985050754773
727_img_.png,red_alpha,0.5,17.90537964895868,0.8292300435434427,0.32763527942862497,3.035237581668892
727_img_.png,red_alpha,1.0,18.01033309534912,0.8334963254319777,0.32641974823143244,3.05556176013663
727_img_.png,red_alpha,1.5,18.096006526284405,0.837186573780361,0.3252415168242269,3.0801927928620914
727_img_.png,red_alpha,2.0,18.164854909815304,0.8409027582908609,0.32416192007841604,3.1250915898418574
733_img_.png,clip_limit,0.0,22.546456864615646,0.9357745093225817,0.30923699910966107,2.4243629812002156
733_img_.png,clip_limit,1.0,23.58872786620598,0.8737709353217603,0.3130969367252819,2.918260968246616
733_img_.png,clip_limit,2.0,19.686428917448943,0.7378366221447759,0.3162771640187579,3.0907593129416924
733_img_.png,clip_limit,3.0,16.543088437869464,0.6235308641177405,0.32187692458216577,3.171181724353089
733_img_.png,clip_limit,4.0,14.494676773808253,0.5403142170040124,0.3252751862709219,3.1618020087593917
733_img_.png,clip_limit,6.0,12.261832436271135,0.4449899650874167,0.3337468904130899,3.0978557200686563
733_img_.png,red_alpha,0.0,12.582514294881014,0.6601673173207845,0.3099096344583874,3.1087755662373207
733_img_.png,red_alpha,0.5,18.168702228697192,0.7545714313486261,0.31015580674527404,3.1690114039609356
733_img_.png,red_alpha,1.0,19.686428917448943,0.7378366221447759,0.3162771640187579,3.0907593129416924
733_img_.png,red_alpha,1.5,18.3119042988712,0.6879011559294007,0.31533080478107767,3.076776715172733
733_img_.png,red_alpha,2.0,17.541968307449586,0.65811267558099,0.3090081944169473,3.0555720848849663
738_img_.png,clip_limit,0.0,13.211953422198553,0.8211560803513659,0.3376967772456972,2.5199862632817
738_img_.png,clip_limit,1.0,12.926714753347657,0.7731991967495025,0.32828426010032424,2.796989853735244
738_img_.png,clip_limit,2.0,12.647207062604744,0.7067135129402985,0.3276006491167738,2.9055388341002972
738_img_.png,clip_limit,3.0,12.538875330396895,0.6680741663239705,0.32557999042791214,2.9662303692867815
738_img_.png,clip_limit,4.0,12.551012029782465,0.6429376173798268,0.3237504586037277,2.984441278417882
738_img_.png,clip_limit,6.0,12.631118873546344,0.6126173094748122,0.32304796937038105,3.055419498976664
738_img_.png,red_alpha,0.0,12.921450198928383,0.7118222311908782,0.32921408192866963,2.901683645052109
738_img_.png,red_alpha,0.5,12.781487580622716,0.7087791922085858,0.3277124810575534,2.9123633720999256
738_img_.png,red_alpha,1.0,12.647207062604744,0.7067135129402985,0.3276006491167738,2.9055388341002972
738_img_.png,red_alpha,1.5,12.471336244013695,0.7046932449486084,0.32678327296792553,2.9063077437297733
738_img_.png,red_alpha,2.0,12.36088988107701,0.7033516368246299,0.32580852342129973,2.8804448909459515
73_img_.png,clip_limit,0.0,31.5089805615375,0.974748677053687,0.3497703805020079,2.3314613494264633
73_img_.png,clip_limit,1.0,24.701293270941903,0.9342010291618689,0.34533848967559544,2.563243727767598
73_img_.png,clip_limit,2.0,20.89536036531234,0.872935347010421,0.3442159353359162,2.703709744307102
73_img_.png,clip_limit,3.0,19.128391124387946,0.8233570273523433,0.3435101983890583,2.81944514898586
73_img_.png,clip_limit,4.0,18.09227923592746,0.7875504994030528,0.34261822351415205,2.86464692356057
73_img_.png,clip_limit,6.0,16.761909592583695,0.7325243858955689,0.34136304704024006,2.9351551056129725
73_img_.png,red_alpha,0.0,21.19896063257564,0.8674122554697107,0.34682288182214527,2.6527097888785893
73_img_.png,red_alpha,0.5,21.041867206743177,0.8699831028692556,0.3438381658162605,2.681119128060711
73_img_.png,red_alpha,1.0,20.89536036531234,0.872935347010421,0.3442159353359162,2.703709744307102
73_img_.png,red_alpha,1.5,20.676906640243324,0.8723373136181224,0.34272112919741365,2.742265739145763
73_img_.png,red_alpha,2.0,20.342700897124516,0.8691807454326551,0.3410644818249766,2.7588406021127123
744_img_.png,clip_limit,0.0,23.763979546730013,0.9438202176519023,0.3117916377383874,2.3980495348106965
744_img_.png,clip_limit,1.0,29.70115351916167,0.977287538540653,0.30512620857838746,2.658844198785027
744_img_.png,clip_limit,2.0,24.970741946821473,0.9520534322063895,0.30401044058278864,2.776169620856452
744_img_.png,clip_limit,3.0,21.702093427562914,0.917561112207653,0.30200699116847174,2.861203340677009
744_img_.png,clip_limit,4.0,20.02712443588608,0.8893180340631134,0.3024576361473456,2.902707867063388
744_img_.png,clip_limit,6.0,17.965159127135525,0.8393994961433074,0.30234679327631686,2.9858070767704183
744_img_.png,red_alpha,0.0,25.1885783718607,0.9525104726595587,0.304417110579317,2.7786144120309544
744_img_.png,red_alpha,0.5,25.10967214395247,0.9518011748274686,0.3042799601043815,2.789450138028964
744_img_.png,red_alpha,1.0,24.970741946821473,0.9520534322063895,0.30401044058278864,2.776169620856452
744_img_.png,red_alpha,1.5,24.818710919428387,0.9517131887986662,0.30405818629054154,2.768902613947917
744_img_.png,red_alpha,2.0,24.416112121277283,0.9508762620510772,0.30450216000237906,2.7684118061230216
746_img_.png,clip_limit,0.0,18.441046878112385,0.8366240417583418,0.30025504648382784,2.8940607786796715
746_img_.png,clip_limit,1.0,23.92203787469657,0.9461103185540614,0.30148062311428503,3.1329533504391414
746_img_.png,clip_limit,2.0,26.33226240826145,0.9699458956648161,0.30385894247290623,3.2387612232591936
746_img_.png,clip_limit,3.0,23.51043368051282,0.9483266019791344,0.3035240587764616,3.249984372604536
746_img_.png,clip_limit,4.0,21.646401071092626,0.9210969407090271,0.30279905916539546,3.201174856011349
746_img_.png,clip_limit,6.0,19.939916226778973,0.8830762541263287,0.30151467912015045,3.136739313058491
746_img_.png,red_alpha,0.0,26.41802234249811,0.9695811441070471,0.3052436410529844,3.243382585025889
746_img_.png,red_alpha,0.5,26.375888362800897,0.9697739986234968,0.3045932985471083,3.2319766483469254
746_img_.png,red_alpha,1.0,26.33226240826145,0.9699458956648161,0.30385894247290623,3.2387612232591936
746_img_.png,red_alpha,1.5,26.2542963188966,0.969574649795493,0.3032221676955167,3.23696216197547
746_img_.png,red_alpha,2.0,26.059579953047024,0.9692001209917939,0.30170139754246084,3.226288260610165
74_img_.png,clip_limit,0.0,14.665143103653989,0.7793962317424278,0.37855886779445697,2.743577085300599
74_img_.png,clip_limit,1.0,14.673782566052937,0.6763475181017672,0.36988571982252977,3.328162555200035
74_img_.png,clip_limit,2.0,14.009873480903071,0.5656784212611659,0.36903154322951326,3.3556889632315476
74_img_.png,clip_limit,3.0,13.401162649315017,0.4911312949628277,0.3698276105242884,3.318313117130226
74_img_.png,clip_limit,4.0,12.969839533901439,0.4445024443889294,0.37016430093410424,3.2876629702340603
74_img_.png,clip_limit,6.0,12.44792093852606,0.39507442440099744,0.3667976858976541,3.2547522045094643
74_img_.png,red_alpha,0.0,13.00866019564454,0.5379648716079243,0.361806541927668,3.348446105483999
74_img_.png,red_alpha,0.5,13.549846898664683,0.5522200463833417,0.36644986168736354,3.362929362119016
74_img_.png,red_alpha,1.0,14.009873480903071,0.5656784212611659,0.36903154322951326,3.3556889632315476
74_img_.png,red_alpha,1.5,14.468999015434772,0.5763102555724996,0.3747165886863337,3.3275864134244753
74_img_.png,red_alpha,2.0,14.387997286200099,0.5737658340213144,0.3722649975816316,3.334924921799985
754_img_.png,clip_limit,0.0,26.416861518969043,0.9499869654360317,0.3311055663840142,2.1716887921289656
754_img_.png,clip_limit,1.0,23.794374249098375,0.9078118687884942,0.3285067291031297,2.5590276284609303
754_img_.png,clip_limit,2.0,19.52099161496611,0.8188687457202389,0.32691189485051225,2.8479727935434074
754_img_.png,clip_limit,3.0,17.05377460234537,0.7416142617097158,0.3265691742737237,2.9294973849880868
754_img_.png,clip_limit,4.0,15.37765998754076,0.6795879634906399,0.32702445763535776,2.9650100277440687
754_img_.png,clip_limit,6.0,13.407230741289936,0.5978479585000956,0.327207758452214,2.9898955576599326
754_img_.png,red_alpha,0.0,19.114061650816144,0.8073126292570597,0.32834111605215777,2.8593436662990497
754_img_.png,red_alpha,0.5,19.363192583021878,0.8143352903457789,0.32756058847818026,2.8391126997050478
754_img_.png,red_alpha,1.0,19.52099161496611,0.8188687457202389,0.32691189485051225,2.8479727935434074
754_img_.png,red_alpha,1.5,19.715101912475614,0.8241879303094959,0.32613616679576823,2.8279871797839373
754_img_.png,red_alpha,2.0,19.76310440875626,0.8265131390697013,0.32568600348368615,2.80875119910165
758_img_.png,clip_limit,0.0,19.154180763246,0.8496431326368397,0.30975912550663715,1.774715650912734
758_img_.png,clip_limit,1.0,20.477335940765478,0.9342963417336313,0.30523064833066477,2.233934353501348
758_img_.png,clip_limit,2.0,21.31767593152229,0.9473322929635476,0.30211735771402587,2.600020540756181
758_img_.png,clip_limit,3.0,21.22145207118551,0.9189298739427395,0.29799834772188466,2.7614101980010886
758_img_.png,clip_limit,4.0,20.461724033438642,0.8772875294430982,0.29648242315885504,2.843632132521783
758_img_.png,clip_limit,6.0,18.43326604821674,0.7925386135632101,0.29595364079163555,2.9509340123761474
758_img_.png,red_alpha,0.0,22.45826330860119,0.9527162224801274,0.30318851379177086,2.6142754105606185
758_img_.png,red_alpha,0.5,21.898892739329984,0.9504906361170712,0.3020559793403876,2.607490551378522
758_img_.png,red_alpha,1.0,21.31767593152229,0.9473322929635476,0.30211735771402587,2.600020540756181
758_img_.png,red_alpha,1.5,20.685652778781,0.9439189512425096,0.2996269537900481,2.578918254167325
758_img_.png,red_alpha,2.0,20.107251981459143,0.9406269430996822,0.29945505270269834,2.575479104248142
764_img_.png,clip_limit,0.0,15.638136274141072,0.8161087022274193,0.2945775922058766,2.965709275224591
764_img_.png,clip_limit,1.0,15.949468010613188,0.8060881046751174,0.29200166949526546,3.132463422964138
764_img_.png,clip_limit,2.0,15.570633003646627,0.7746335729909136,0.2904578889796098,3.1865922374047084
764_img_.png,clip_limit,3.0,14.982293024239908,0.7455054652426113,0.28941666001241917,3.2091260265167305
764_img_.png,clip_limit,4.0,14.45794814499729,0.7245963632133338,0.28838885986708096,3.2101429235645984
764_img_.png,clip_limit,6.0,13.861057379788415,0.7001085854657275,0.28861493049882786,3.2073407264895364
764_img_.png,red_alpha,0.0,15.64507911718172,0.7761474100058484,0.29019542081980315,3.186015389792617
764_img_.png,red_alpha,0.5,15.62598490603847,0.7759947534273731,0.29017453401620313,3.18513075538356
764_img_.png,red_alpha,1.0,15.570633003646627,0.7746335729909136,0.2904578889796098,3.1865922374047084
764_img_.png,red_alpha,1.5,15.59708470113408,0.7755830691572195,0.29064352609275174,3.185926483828554
764_img_.png,red_alpha,2.0,15.52783810552939,0.7737159861032138,0.291004393431831,3.184750651594262
7654.png,clip_limit,0.0,23.669716466499104,0.9726624259615732,0.2927485491829103,2.683928864554904
7654.png,clip_limit,1.0,22.089438713115698,0.9253946623492926,0.2937268263739811,3.010276083219589
7654.png,clip_limit,2.0,19.2643898834741,0.8458492675523828,0.2966458755100148,3.0993322700761348
7654.png,clip_limit,3.0,17.593717132674904,0.7904529860102608,0.2981240072583802,3.1215352819500257
7654.png,clip_limit,4.0,16.490153131201023,0.7534216331401042,0.29905418172738196,3.1488016528562603
7654.png,clip_limit,6.0,15.170124078656155,0.709481277185926,0.30139303791967553,3.1445611124379225
7654.png,red_alpha,0.0,10.641940789177166,0.6118469605444236,0.3497775351825859,2.594465863935277
7654.png,red_alpha,0.5,18.814315465570267,0.8326276658459904,0.3054982752823008,3.0701298214902497
7654.png,red_alpha,1.0,19.2643898834741,0.8458492675523828,0.2966458755100148,3.0993322700761348
7654.png,red_alpha,1.5,18.76724144997686,0.8460483282041219,0.29626548298370353,3.0898915162723166
7654.png,red_alpha,2.0,18.768247300658846,0.8490288145421229,0.2957087587384046,3.101637219484944
765_img_.png,clip_limit,0.0,17.049799264767245,0.9102169409352174,0.31085457878567796,3.274201226999997
765_img_.png,clip_limit,1.0,19.530564908234638,0.964279687106799,0.30602403589524396,3.366222209112464
765_img_.png,clip_limit,2.0,20.44987914686903,0.9337963194935198,0.30485348198508927,3.323743999125507
765_img_.png,clip_limit,3.0,19.767655750886124,0.8926585018840821,0.30545951209305633,3.2463766262611977
765_img_.png,clip_limit,4.0,18.69022042490232,0.8564947032134788,0.307176027256274,3.2079324870613273
765_img_.png,clip_limit,6.0,17.197598544076197,0.8141852576471583,0.30775498442415095,3.139858129591039
765_img_.png,red_alpha,0.0,20.49344610051957,0.932221918402884,0.30556696625550983,3.2954652752995726
765_img_.png,red_alpha,0.5,20.486774585816725,0.9330817956608888,0.3052308973950595,3.321885101732507
765_img_.png,red_alpha,1.0,20.44987914686903,0.9337963194935198,0.30485348198508927,3.323743999125507
765_img_.png,red_alpha,1.5,20.373646799368977,0.9343728404685819,0.30434293675116186,3.334919897348155
765_img_.png,red_alpha,2.0,20.201753071267305,0.9342990799804828,0.3041753668634762,3.35026445173193
769_img_.png,clip_limit,0.0,12.843129594987097,0.7604487423985619,0.31301475249269184,2.926384191632566
769_img_.png,clip_limit,1.0,15.305384463618134,0.8640131180507122,0.31862687775089754,3.0824555784042085
769_img_.png,clip_limit,2.0,17.743709400949374,0.8968486802093044,0.32900728326138245,3.1241424344472986
769_img_.png,clip_limit,3.0,18.93090351719446,0.8800928462172002,0.3353562973424121,3.1134732943252406
769_img_.png,clip_limit,4.0,19.03900787561115,0.8517901698194379,0.34012393289935294,3.0960490166496157
769_img_.png,clip_limit,6.0,18.57468862914956,0.8112017239764064,0.34494521202398737,3.049260059829784
769_img_.png,red_alpha,0.0,17.830530890225603,0.8978290058410122,0.32947133062147654,3.1307281502770508
769_img_.png,red_alpha,0.5,17.785507046598347,0.8973521829529658,0.3294701323242336,3.1209847183153467
769_img_.png,red_alpha,1.0,17.743709400949374,0.8968486802093044,0.32900728326138245,3.1241424344472986
769_img_.png,red_alpha,1.5,17.674085042729665,0.8960467941535746,0.32893696878737705,3.1244195772420236
769_img_.png,red_alpha,2.0,17.597469034434784,0.8951809063964977,0.32851158200658115,3.1187975403729906
777_img_.png,clip_limit,0.0,23.33405662827683,0.9334744438860222,0.2914330261650004,3.2466053686061174
777_img_.png,clip_limit,1.0,21.63041372381276,0.9201450188037644,0.2921847738793579,3.3803635495852378
777_img_.png,clip_limit,2.0,18.86884810083124,0.849566564432826,0.29415472780245955,3.3861149767515877
777_img_.png,clip_limit,3.0,17.13505963585696,0.7920977096861405,0.295196340415704,3.349099245189657
777_img_.png,clip_limit,4.0,16.182229460066957,0.7579647214399011,0.2950666299941193,3.3139945167912357
777_img_.png,clip_limit,6.0,15.16184909461137,0.724485499947853,0.294032494581736,3.275998815391619
777_img_.png,red_alpha,0.0,18.718989785389095,0.8462751904341395,0.2960797502209373,3.3659639489780315
777_img_.png,red_alpha,0.5,18.794296725713014,0.8473126111887813,0.29518694013674107,3.3731830814767925
777_img_.png,red_alpha,1.0,18.86884810083124,0.849566564432826,0.29415472780245955,3.3861149767515877
777_img_.png,red_alpha,1.5,18.930426772379477,0.8500373226730761,0.2933413457979736,3.3837096988395636
777_img_.png,red_alpha,2.0,18.99741656643449,0.849119760348035,0.29234396437501525,3.3826675852337926
778_img_.png,clip_limit,0.0,22.126097450602792,0.9455714400784619,0.29302883747323527,3.1687445034954367
778_img_.png,clip_limit,1.0,22.105649396850083,0.9388395533802779,0.29648774403551315,3.293438432553158
778_img_.png,clip_limit,2.0,18.929178350960836,0.8721628117521784,0.29633368959210193,3.2877537040067093
778_img_.png,clip_limit,3.0,17.08348769443031,0.8203171324486696,0.29642589647205786,3.267415162894896
778_img_.png,clip_limit,4.0,16.122057483199306,0.7902429790269512,0.29552802490302393,3.256035255264618
778_img_.png,clip_limit,6.0,15.29318950598311,0.7636008858161706,0.2958171610424529,3.2458666490199715
778_img_.png,red_alpha,0.0,18.885157527073233,0.8727038856886841,0.2975539976428081,3.2813040922940537
778_img_.png,red_alpha,0.5,18.940131429092343,0.8729867199996161,0.2962039551236642,3.2800125936405635
778_img_.png,red_alpha,1.0,18.929178350960836,0.8721628117521784,0.29633368959210193,3.2877537040067093
778_img_.png,red_alpha,1.5,18.901775615473966,0.8704509358013978,0.29992051559347727,3.267481670820605
778_img_.png,red_alpha,2.0,18.855459171060062,0.8688268286534558,0.2978049360361477,3.275044123071925
779_img_.png,clip_limit,0.0,20.607606579741734,0.918311603926823,0.30994380552311607,2.966521959533946
779_img_.png,clip_limit,1.0,20.027977499209374,0.9266850591351524,0.31289116199888845,3.072778986533364
779_img_.png,clip_limit,2.0,18.625032870671806,0.8710193651876678,0.3168494298634051,3.0766672339469663
779_img_.png,clip_limit,3.0,17.474882109386968,0.8161450467255777,0.31818931665430183,3.034742418503346
779_img_.png,clip_limit,4.0,16.751355156200816,0.7791894822083864,0.3171026525190612,3.0341348108458566
779_img_.png,clip_limit,6.0,15.923698200592717,0.7360917965092281,0.31542655926298685,3.019411793773734
779_img_.png,red_alpha,0.0,18.541984171589505,0.8698405723643612,0.3175491271217195,3.091585169011129
779_img_.png,red_alpha,0.5,18.583238185961605,0.8709693251071163,0.3166030822577234,3.090539947277121
779_img_.png,red_alpha,1.0,18.625032870671806,0.8710193651876678,0.3168494298634051,3.0766672339469663
779_img_.png,red_alpha,1.5,18.675819994318815,0.8697417046695278,0.31596341063206523,3.084817222240202
779_img_.png,red_alpha,2.0,18.661010639271332,0.8686630163079415,0.3161856290553785,3.077930722453843
780_img_.png,clip_limit,0.0,20.185991967829835,0.9066170776601297,0.3128397828076991,2.908862022835415
780_img_.png,clip_limit,1.0,19.808892527175736,0.860580421235651,0.3101740686502158,3.1377643720372714
780_img_.png,clip_limit,2.0,17.2431085424876,0.779441008182148,0.31397706377362755,3.21725432001882
780_img_.png,clip_limit,3.0,15.829311778751084,0.7234269599119284,0.3160168698130311,3.2418818009893666
780_img_.png,clip_limit,4.0,15.114220104925433,0.690515220213045,0.31650905686712266,3.248942010794695
780_img_.png,clip_limit,6.0,14.324141606358108,0.6530145212953207,0.3179677901522346,3.270124773146507
780_img_.png,red_alpha,0.0,17.013573609071297,0.7747920621684591,0.31829460325271863,3.2293784440201696
780_img_.png,red_alpha,0.5,17.265535719453197,0.7791103246413552,0.3163016501573813,3.222431873484748
780_img_.png,red_alpha,1.0,17.2431085424876,0.779441008182148,0.31397706377362755,3.21725432001882
780_img_.png,red_alpha,1.5,17.246761003549253,0.7788171824656377,0.31292118486572323,3.209604981497831
780_img_.png,red_alpha,2.0,17.221412478337108,0.77804057004006,0.3119524256518571,3.188922323570422
792_img_.png,clip_limit,0.0,41.31668383899742,0.9954657282750717,0.3338563862867876,3.097514521543138
792_img_.png,clip_limit,1.0,24.894746079293796,0.915469848359621,0.3375304931392194,3.2475444893450387
792_img_.png,clip_limit,2.0,19.62322932328412,0.7887845969626834,0.3451043332733472,3.184457486797442
792_img_.png,clip_limit,3.0,17.447038688836557,0.6983724362525718,0.34825071868718205,3.069428550537248
792_img_.png,clip_limit,4.0,16.40995029927584,0.6492893046506943,0.3513314020761671,3.003459653945157
792_img_.png,clip_limit,6.0,15.342799395475355,0.5997268074216776,0.35519671687720683,2.944250899005864
792_img_.png,red_alpha,0.0,19.45203511658582,0.7815187256862073,0.34674936629597075,3.1534309547490347
792_img_.png,red_alpha,0.5,19.56184124280856,0.7851808477002254,0.3459219030201205,3.1701066791525716
792_img_.png,red_alpha,1.0,19.62322932328412,0.7887845969626834,0.3451043332733472,3.184457486797442
792_img_.png,red_alpha,1.5,19.693312709620876,0.7929427980916652,0.3442507197613055,3.201303705965742
792_img_.png,red_alpha,2.0,19.736259377341504,0.7952815125376844,0.34340367836168917,3.2126319715043
79_img_.png,clip_limit,0.0,24.621923516669426,0.9116372157708845,0.32598615750327437,3.0841670180216596
79_img_.png,clip_limit,1.0,28.42157835364298,0.9738281918583164,0.3267708031259953,3.2777543800661393
79_img_.png,clip_limit,2.0,25.367712479606116,0.9523377165771185,0.32916566240814216,3.314495770906503
79_img_.png,clip_limit,3.0,22.996756123613036,0.9083868526772942,0.33165468628697947,3.285800380221099
79_img_.png,clip_limit,4.0,21.730638415749432,0.8706003980240385,0.3310676279885911,3.2198806521857213
79_img_.png,clip_limit,6.0,20.271440340404396,0.8175398798392101,0.33174573585715306,3.1407784792061735
79_img_.png,red_alpha,0.0,25.25333855317474,0.9515634665712388,0.3306561559659404,3.313137265554675
79_img_.png,red_alpha,0.5,25.36024480415318,0.9520215590000274,0.3297876847189114,3.311150114852868
79_img_.png,red_alpha,1.0,25.367712479606116,0.9523377165771185,0.32916566240814216,3.314495770906503
79_img_.png,red_alpha,1.5,25.359567235710347,0.9532167229785115,0.3295763080175532,3.3061979650053606
79_img_.png,red_alpha,2.0,25.14378061397807,0.9523173353744804,0.32882503849291983,3.308733463438337
803_img_.png,clip_limit,0.0,19.6796566352389,0.8641380352136564,0.31214287793903905,3.205496037519919
803_img_.png,clip_limit,1.0,24.627534602254897,0.9593328051973647,0.31023286170744696,3.321375627689334
803_img_.png,clip_limit,2.0,26.636903068640216,0.9706336382099444,0.31038623694102613,3.2949679841319837
803_img_.png,clip_limit,3.0,24.042838238866914,0.9491302942598944,0.31228161618904976,3.2504511067076756
803_img_.png,clip_limit,4.0,22.192362585940263,0.9288974882928042,0.31064356032878754,3.216072291998745
803_img_.png,clip_limit,6.0,20.256529545353118,0.9030772167743009,0.3111227301051263,3.1806594623690554
803_img_.png,red_alpha,0.0,26.698785141798606,0.9711686372421671,0.30963594423787866,3.297601466927615
803_img_.png,red_alpha,0.5,26.73571564764742,0.9711767022158733,0.3111874566976274,3.2928842191110963
803_img_.png,red_alpha,1.0,26.636903068640216,0.9706336382099444,0.31038623694102613,3.2949679841319837
803_img_.png,red_alpha,1.5,26.739268910054335,0.9710230243417547,0.3101523825004245,3.2991184447920987
803_img_.png,red_alpha,2.0,26.606894201335827,0.9704070977876523,0.3105538057128786,3.2909272520196753
816_img_.png,clip_limit,0.0,26.466422132174067,0.9785535807776427,0.34832587254952707,2.5294549001165354
816_img_.png,clip_limit,1.0,22.444128700964786,0.9170561670807542,0.34506957829461,2.9038986363232695
816_img_.png,clip_limit,2.0,17.584592608200317,0.8123569980634123,0.3431123163376828,3.0142599105796055
816_img_.png,clip_limit,3.0,15.568778407955824,0.740273657986048,0.34133431567522193,3.0630314223201225
816_img_.png,clip_limit,4.0,14.440096665137332,0.6906541238020901,0.33926172699704726,3.068984962149928
816_img_.png,clip_limit,6.0,13.245838836155814,0.6267675829755315,0.3377979732919506,3.0993755892517276
816_img_.png,red_alpha,0.0,17.341505138239928,0.8002633389545663,0.34780155049975797,3.061672970257112
816_img_.png,red_alpha,0.5,17.532010466947263,0.8075173535087717,0.3464538384381933,3.044153075728566
816_img_.png,red_alpha,1.0,17.584592608200317,0.8123569980634123,0.3431123163376828,3.0142599105796055
816_img_.png,red_alpha,1.5,17.52370022188714,0.8112240682137942,0.34187276815924683,3.00377687013257
816_img_.png,red_alpha,2.0,17.39658956025876,0.8111787038815322,0.33914548493236985,2.989439245688431
823_img_.png,clip_limit,0.0,20.257775053380183,0.8925277695680848,0.34406037249344257,2.656292476933259
823_img_.png,clip_limit,1.0,18.623053361439155,0.8276928925419536,0.3437616111435351,2.7622996453899704
823_img_.png,clip_limit,2.0,16.61780065601028,0.7532963901043209,0.3453884869147635,2.806570714180802
823_img_.png,clip_limit,3.0,15.520054080760982,0.7065348136043151,0.34465896006113855,2.910745378998896
823_img_.png,clip_limit,4.0,14.931166736068729,0.6777899959912498,0.3438164240641867,3.001981381647766
823_img_.png,clip_limit,6.0,14.421981755142767,0.6421307648687491,0.3418233395586445,3.093787503570148
823_img_.png,red_alpha,0.0,16.490486079800863,0.7498288198197495,0.34815248653857933,2.804399169410239
823_img_.png,red_alpha,0.5,16.539907375698885,0.7519756182319184,0.3475757259435044,2.8002048254751895
823_img_.png,red_alpha,1.0,16.61780065601028,0.7532963901043209,0.3453884869147635,2.806570714180802
823_img_.png,red_alpha,1.5,16.654842603228687,0.7545509932590596,0.344405961467519,2.817179803991447
823_img_.png,red_alpha,2.0,16.67474101309216,0.7539406759458926,0.3430229224857237,2.8080269028742784
841_img_.png,clip_limit,0.0,22.32432252064261,0.9159270783538069,0.41152326456707544,2.5702688626251184
841_img_.png,clip_limit,1.0,29.04344881449221,0.9720899078352733,0.4156359478711519,2.9978749042556556
841_img_.png,clip_limit,2.0,26.902468597096206,0.9656051414148061,0.41507333574415917,3.161377385451236
841_img_.png,clip_limit,3.0,24.652567083210826,0.9423772168902532,0.41199857480005936,3.207850578905516
841_img_.png,clip_limit,4.0,23.17997876741531,0.9154388135747257,0.4103787529946467,3.2244379930030043
841_img_.png,clip_limit,6.0,21.204615728177707,0.8644146719336344,0.40543732079516864,3.226329777237723
841_img_.png,red_alpha,0.0,26.5219557441987,0.9641552625741164,0.41688420004560434,3.1223794742110242
841_img_.png,red_alpha,0.5,26.600357633582128,0.9643752511727398,0.4164131264387585,3.133700350150533
841_img_.png,red_alpha,1.0,26.902468597096206,0.9656051414148061,0.41507333574415917,3.161377385451236
841_img_.png,red_alpha,1.5,26.801224578090142,0.9647795892920232,0.4152829816121754,3.165520135038445
841_img_.png,red_alpha,2.0,26.486581575070318,0.9639874333039143,0.4154215248117976,3.1766902657596536
844_img_.png,clip_limit,0.0,27.175910730731857,0.9445301868520376,0.34340546076418643,2.374217475300412
844_img_.png,clip_limit,1.0,22.080932773702038,0.8948181285952713,0.33906003958009096,2.7704441846405667
844_img_.png,clip_limit,2.0,18.5554354729261,0.8187730796578127,0.3309405630188272,2.984881486505107
844_img_.png,clip_limit,3.0,17.180665653235504,0.7643226299913586,0.32749192048585823,3.06351440817217
844_img_.png,clip_limit,4.0,16.415502910443927,0.722361812967466,0.32485586820474444,3.10925411811266
844_img_.png,clip_limit,6.0,15.433666079380675,0.6582746140934289,0.32378704396881686,3.1604929219350106
844_img_.png,red_alpha,0.0,16.05858864680218,0.737788616736602,0.35353998893813066,2.8414697634231043
844_img_.png,red_alpha,0.5,17.901607432336114,0.7955988217681522,0.33985380943849086,2.9870972846449253
844_img_.png,red_alpha,1.0,18.5554354729261,0.8187730796578127,0.3309405630188272,2.984881486505107
844_img_.png,red_alpha,1.5,18.27067858491581,0.8204230260640074,0.3253244949161335,2.957611040478306
844_img_.png,red_alpha,2.0,17.798534997361337,0.8178800761074205,0.32146495789036755,2.935563086607301
850_img_.png,clip_limit,0.0,11.496107325267209,0.8074563660355505,0.31185969847226447,1.8348338984544077
850_img_.png,clip_limit,1.0,11.845997711798969,0.8075284053731808,0.30205586442707877,2.3451067922749265
850_img_.png,clip_limit,2.0,12.006151003817365,0.7645999521799395,0.29618173850020346,2.4977208805303914
850_img_.png,clip_limit,3.0,11.96805979093403,0.7165300472060524,0.2911891124562765,2.5910350455718305
850_img_.png,clip_limit,4.0,11.884638909654413,0.6766046188122989,0.2879514225263689,2.659405290137431
850_img_.png,clip_limit,6.0,11.699639025204057,0.6220679074898062,0.2846173762752232,2.760346946235007
850_img_.png,red_alpha,0.0,14.205119281487137,0.47735504831184833,0.33103502060407647,2.830541285433153
850_img_.png,red_alpha,0.5,15.475573327605328,0.7898334702537239,0.3033410595028456,2.582724267578314
850_img_.png,red_alpha,1.0,12.006151003817365,0.7645999521799395,0.29618173850020346,2.4977208805303914
850_img_.png,red_alpha,1.5,11.806936381085094,0.7719574246297242,0.2988854946830802,2.423597684853198
850_img_.png,red_alpha,2.0,9.558994744966325,0.7285035453937093,0.31289961897017926,2.2258990383981567
855_img_.png,clip_limit,0.0,23.219704440080427,0.9526826436450255,0.3205393028267858,2.1880673192992535
855_img_.png,clip_limit,1.0,21.720800775071577,0.8935688266283283,0.3154581241868771,2.833607310251769
855_img_.png,clip_limit,2.0,19.61292295833865,0.8030539609167304,0.3112981496137431,3.013487067357606
855_img_.png,clip_limit,3.0,18.375257141090685,0.7309120229429437,0.3120756033898341,3.1012552957218014
855_img_.png,clip_limit,4.0,17.42795670117279,0.6723080071287887,0.311783686749879,3.1466739344215937
855_img_.png,clip_limit,6.0,16.23605658854894,0.5967090420865536,0.31076241916992037,3.1975540743140076
855_img_.png,red_alpha,0.0,19.49600929188652,0.7414450436364947,0.32513753415120156,2.991983939299035
855_img_.png,red_alpha,0.5,20.52493164276054,0.7915055631740544,0.3192843737093302,2.9807688576500704
855_img_.png,red_alpha,1.0,19.61292295833865,0.8030539609167304,0.3112981496137431,3.013487067357606
855_img_.png,red_alpha,1.5,17.929474052886235,0.7966380878413116,0.30686754839303104,3.0046918553506297
855_img_.png,red_alpha,2.0,16.36685389638015,0.7838395438091063,0.30461401855182096,2.974975901458002
856_img_.png,clip_limit,0.0,17.75351278765442,0.8620792214027286,0.33000495076339054,2.631905318389874
856_img_.png,clip_limit,1.0,16.906695220876415,0.8447696790337272,0.32695888112266847,2.8808457749821237
856_img_.png,clip_limit,2.0,16.353165355167345,0.80205851529788,0.32409087918181834,2.9981601973312335
856_img_.png,clip_limit,3.0,15.607189742180772,0.748727159329298,0.32163437451731913,3.03955853427057
856_img_.png,clip_limit,4.0,15.125839438237366,0.7103763135399331,0.32230757701926394,3.0260510449091247
856_img_.png,clip_limit,6.0,14.275546695604447,0.654118803622314,0.3236187654752276,3.0679509909564455
856_img_.png,red_alpha,0.0,16.39107784873365,0.8004936826894994,0.3252070572679175,3.0097882599791035
856_img_.png,red_alpha,0.5,16.37950380671613,0.8012525448919307,0.32493797523244683,2.9946531019001097
856_img_.png,red_alpha,1.0,16.353165355167345,0.80205851529788,0.32409087918181834,2.9981601973312335
856_img_.png,red_alpha,1.5,16.322917375211013,0.8019884203045969,0.32399083239604876,3.001379914411537
856_img_.png,red_alpha,2.0,16.33703730754498,0.8026394617861357,0.32364154086746755,3.00427204976106
863_img_.png,clip_limit,0.0,28.616767997961233,0.984611140865629,0.32282678484974286,2.7548652944058007
863_img_.png,clip_limit,1.0,24.47694357456278,0.9349648038076657,0.3291264863368097,3.0465496840104986
863_img_.png,clip_limit,2.0,20.616370413304658,0.8452613564595328,0.33575153080228315,3.1033047528504536
863_img_.png,clip_limit,3.0,19.088931778320195,0.7814165781409321,0.3372277013300379,3.0891154734009922
863_img_.png,clip_limit,4.0,18.31131245715614,0.7393673831425969,0.33826923868396397,3.080072622422508
863_img_.png,clip_limit,6.0,17.327290550974354,0.6870643187273323,0.33976249329854263,3.0634474247950036
863_img_.png,red_alpha,0.0,20.20420441134522,0.825243394198111,0.3369736652802565,3.055482992359602
863_img_.png,red_alpha,0.5,20.425156687809473,0.8362904578069293,0.33579938286101724,3.083162695107559
863_img_.png,red_alpha,1.0,20.616370413304658,0.8452613564595328,0.33575153080228315,3.1033047528504536
863_img_.png,red_alpha,1.5,20.66828830634649,0.8518252623129613,0.3344819974074741,3.128933315831647
863_img_.png,red_alpha,2.0,20.642736990519754,0.8568004345567273,0.333384802516595,3.151357273893741
867_img_.png,clip_limit,0.0,20.16552808618592,0.9365498284537711,0.3060366274292,1.6212978371043523
867_img_.png,clip_limit,1.0,19.6336433802052,0.8983317129763821,0.30762181810158584,2.0785911979637697
867_img_.png,clip_limit,2.0,18.432361037445894,0.8309162682911752,0.31126426785378936,2.3456184525139325
867_img_.png,clip_limit,3.0,17.562448360737044,0.7751730348685006,0.31544845045357045,2.4846957107683547
867_img_.png,clip_limit,4.0,17.10730188404195,0.7364544743069632,0.3172081992854117,2.5721863470842345
867_img_.png,clip_limit,6.0,16.69104106074219,0.6861210656666531,0.3204754861625163,2.659452526068171
867_img_.png,red_alpha,0.0,13.339760829064755,0.5300651384734297,0.3275761795130502,2.2419158329614897
867_img_.png,red_alpha,0.5,19.739221008262703,0.800206731231938,0.3132262535001832,2.4184376169783572
867_img_.png,red_alpha,1.0,18.432361037445894,0.8309162682911752,0.31126426785378936,2.3456184525139325
867_img_.png,red_alpha,1.5,17.682689966126922,0.8348587906837107,0.3120065236982568,2.3254973193321398
867_img_.png,red_alpha,2.0,17.406404870900467,0.8404305012132657,0.30950335616145525,2.2979502881065237
876_img_.png,clip_limit,0.0,31.934040318448833,0.9864007101369583,0.31302367488637045,2.4820598413313966
876_img_.png,clip_limit,1.0,25.225169966263415,0.9346072715094685,0.3083896584572192,2.78723163683569
876_img_.png,clip_limit,2.0,20.847083746377855,0.8455957384342906,0.3049680424830003,2.9261239081028743
876_img_.png,clip_limit,3.0,19.040957393725545,0.774410562698876,0.3033021373551914,2.98169433354524
876_img_.png,clip_limit,4.0,17.93387029812218,0.7212081538995894,0.30170217705396635,3.0316002449488586
876_img_.png,clip_limit,6.0,16.518492400931155,0.6513489664668298,0.30142757044012614,3.0907764318554243
876_img_.png,red_alpha,0.0,20.688983956904536,0.8457146837994993,0.30989419000278995,2.899754641507926
876_img_.png,red_alpha,0.5,20.940492453678637,0.8462726372482967,0.3067486758732485,2.902587681923004
876_img_.png,red_alpha,1.0,20.847083746377855,0.8455957384342906,0.3049680424830003,2.9261239081028743
876_img_.png,red_alpha,1.5,20.688962214941235,0.846784986604283,0.3048369994390694,2.9089408004102792
876_img_.png,red_alpha,2.0,20.411389233473653,0.845054003359475,0.3037579796535201,2.9061216501568548
880_img_.png,clip_limit,0.0,35.64677999226604,0.942172463425709,0.3470663218952894,2.791451668361622
880_img_.png,clip_limit,1.0,24.042657089295343,0.8762710874648086,0.3304022877408854,3.077516375802254
880_img_.png,clip_limit,2.0,18.222251672639572,0.7538056468336144,0.3247301232980338,3.1030280466858122
880_img_.png,clip_limit,3.0,15.929698984677083,0.6594015592985383,0.32159079337170643,3.079203391234188
880_img_.png,clip_limit,4.0,14.809175461364099,0.6013884489684643,0.3199009790251156,3.0564689636135403
880_img_.png,clip_limit,6.0,13.783770483754463,0.5449312052392855,0.3172560355971125,3.0177916792575328
880_img_.png,red_alpha,0.0,18.109547394537053,0.7526759698174535,0.3293514203738418,3.0489622477666485
880_img_.png,red_alpha,0.5,18.10666385750968,0.7529836807261584,0.3258710577246342,3.0804269237683366
880_img_.png,red_alpha,1.0,18.222251672639572,0.7538056468336144,0.3247301232980338,3.1030280466858122
880_img_.png,red_alpha,1.5,18.31050905234164,0.7554692613521308,0.3225107979078509,3.1169993668440172
880_img_.png,red_alpha,2.0,18.356430660296507,0.7547502590501329,0.32206224369363057,3.1363880435443985
890.png,clip_limit,0.0,21.762947054110025,0.9477117307786775,0.28670677235041264,1.6884218933466002
890.png,clip_limit,1.0,21.324313439102816,0.8782598688370576,0.281055749733569,2.377221267838965
890.png,clip_limit,2.0,18.945437912302662,0.7906600378624189,0.28104593904436065,2.6210007231728505
890.png,clip_limit,3.0,17.152140641226353,0.7227593149277357,0.2832206866058875,2.7332806619655328
890.png,clip_limit,4.0,16.039170024253515,0.6759584225691156,0.2852018806850727,2.7821653926139995
890.png,clip_limit,6.0,14.802775376077422,0.6195786392178001,0.28997922474656074,2.8040950802740015
890.png,red_alpha,0.0,18.012220007080156,0.7726889708447389,0.29103674423997666,2.6339198329850255
890.png,red_alpha,0.5,18.53207578363468,0.7833442704461081,0.28527925457838166,2.622364404004419
890.png,red_alpha,1.0,18.945437912302662,0.7906600378624189,0.28104593904436065,2.6210007231728505
890.png,red_alpha,1.5,19.00805004266177,0.7951709305790219,0.2849765123482303,2.615083829252171
890.png,red_alpha,2.0,19.052305471265242,0.7975465303436176,0.2827094044507849,2.601103892579271
907_img_.png,clip_limit,0.0,21.174697681587208,0.8742482213263058,0.3168084931777931,2.0535583735315117
907_img_.png,clip_limit,1.0,27.369999394152874,0.9459899149008165,0.31241859823882145,3.0362464924154775
907_img_.png,clip_limit,2.0,26.532808570579288,0.9403720135566304,0.3126657370881288,3.1691804430248536
907_img_.png,clip_limit,3.0,23.152955214696846,0.896422144885428,0.3130901496449386,3.195426296581496
907_img_.png,clip_limit,4.0,21.209631586106035,0.8531156323247703,0.31437732400609886,3.2012566761499186
907_img_.png,clip_limit,6.0,19.2591948654135,0.7945425993504885,0.31606636449174746,3.189351767256045
907_img_.png,red_alpha,0.0,26.01827692629862,0.9378238770586104,0.31355032581021886,3.1660619191483375
907_img_.png,red_alpha,0.5,26.486414865411383,0.9408666205105352,0.3154971331620756,3.1676337435875874
907_img_.png,red_alpha,1.0,26.532808570579288,0.9403720135566304,0.3126657370881288,3.1691804430248536
907_img_.png,red_alpha,1.5,26.530524913528247,0.9378833162470812,0.311772988871881,3.1645052301577765
907_img_.png,red_alpha,2.0,26.464726064087323,0.9357009399340338,0.3115052876131299,3.152782603790855
913_img_.png,clip_limit,0.0,28.700935593767063,0.9195342710098848,0.34086253059327076,3.2200645114942077
913_img_.png,clip_limit,1.0,23.855802299344955,0.876504749327145,0.3337278292998255,3.3672267458838823
913_img_.png,clip_limit,2.0,19.37727431900486,0.7762905539777282,0.3299158039120448,3.299964010360058
913_img_.png,clip_limit,3.0,17.387023632807235,0.6954520207650491,0.329994764788985,3.2337677627555865
913_img_.png,clip_limit,4.0,16.151389355270947,0.6318184215877178,0.3283536690097381,3.1692077694560017
913_img_.png,clip_limit,6.0,14.771752672806468,0.5574149000483375,0.3269381021324207,3.119553649101177
913_img_.png,red_alpha,0.0,18.67315206945809,0.7519368615097313,0.34010817990391906,3.2589480242237725
913_img_.png,red_alpha,0.5,19.18622816074913,0.7711041845330054,0.3362370147153879,3.2829199297780676
913_img_.png,red_alpha,1.0,19.37727431900486,0.7762905539777282,0.3299158039120448,3.299964010360058
913_img_.png,red_alpha,1.5,19.267537284825114,0.7777407052468206,0.3272954749607253,3.3241385258580314
913_img_.png,red_alpha,2.0,19.049794696025426,0.7765943533674186,0.3237823947479085,3.3537915077376472
